$wmc,$dit,$noc,$cbo,$rfc,$lcom,$ca,$ce,$npm,$lcom3,$loc,$dam,$moa,$mfa,$cam,$ic,$cbm,$amc,$max_cc,$avg_cc,$<bug
72.98,1.84,2.53,50.21,71.51,2223.05,32.81,14.51,40.91,1.01,577.37,0.17,1.61,0.04,0.23,0.17,0.91,20.79,6.75,1.28,5
56.34,1.47,1.63,57.75,134.48,2254.16,199.18,24.8,83.65,0.96,420.34,0.83,1.36,0.07,0.23,0.2,0.0,6.73,3.64,1.12,6
63.29,1.77,1.86,14.4,42.18,149.15,3.78,25.02,12.39,1.25,947.23,0.68,0.8,0.08,0.23,0.08,0.3,11.95,2.48,0.78,7
82.01,2.26,2.65,41.95,187.31,2077.46,27.51,19.05,88.5,1.4,1547.85,0.59,1.09,0.31,0.18,0.21,0.41,10.3,3.33,1.3,8
7.92,3.25,0.2,37.08,5.13,4590.13,345.1,31.94,1.86,0.43,370.65,0.47,0.04,0.82,0.71,0.01,0.06,4.97,1.57,1.1,4
3,1,0,5,9,1,2,5,3,0.5,28,1,1,0,0.555555556,0,0,8,1,0.6667,6
27,1,0,12,71,349,9,3,24,0.807692308,292,1,0,0,0.082840237,0,0,9.777777778,1,0.9259,3
66.87,1.86,2.0,3.43,27.07,969.85,2.26,9.01,9.16,1.52,351.67,0.06,0.14,0.49,0.35,0.16,3.56,10.91,2.83,0.9,3
10,4,0,4,19,7,1,3,9,0.666666667,120,1,0,0.789473684,0.425,1,2,10.6,1,0.8,3
7,3,0,4,12,13,1,3,6,0.583333333,55,1,0,0.642857143,0.314285714,1,2,6.571428571,3,1,2
24.8,2.01,6.17,127.16,84.6,574.8,17.81,9.91,43.44,0.97,233.01,0.32,0.94,0.39,0.21,0.17,2.8,18.47,3.62,0.94,5
9,4,0,9,23,0,3,7,9,0.25,94,1,0,0.969325153,0.277777778,2,3,9.333333333,1,0.5556,3
8,2,0,8,25,14,1,7,7,0.642857143,105,1,1,0.666666667,0.326530612,0,0,11.875,1,0.375,1
33.2,2.82,3.31,47.84,46.31,3038.34,201.76,21.15,25.77,1.31,1010.75,0.95,0.57,0.18,0.12,0.65,0.6,8.76,2.33,1.26,5
22,4,0,14,66,151,3,14,11,0.852813853,603,1,1,0.62962963,0.164502165,1,1,25.90909091,15,2.6818,8
24,2,36,53,61,256,38,16,16,0.804347826,301,1,1,0.382352941,0.316770186,1,1,11.375,3,1,5
10,1,3,12,29,21,3,9,6,0.722222222,151,0.75,1,0,0.37037037,0,0,13.7,1,0.6,2
109.05,1.16,2.62,86.68,241.36,2855.73,25.2,40.25,86.16,1.23,1319.93,0.36,0.04,0.06,0.12,0.12,0.19,8.44,5.35,0.99,7
15.4,1.93,2.56,11.9,92.76,3261.97,20.04,15.34,124.57,0.79,825.18,0.92,1.53,0.59,0.28,0.19,0.51,17.63,4.29,1.34,7
37.69,2.82,4.37,63.48,166.21,6751.85,97.73,28.31,108.57,0.79,1508.97,0.83,0.96,0.69,0.15,0.19,0.84,7.95,0.86,1.43,7
38,1,0,109,111,697,105,4,36,0.918918919,923,1,0,0,0.090733591,0,0,23.26315789,8,3.1579,5
10.61,1.59,0.61,22.2,58.83,2000.95,20.39,28.64,16.36,1.01,216.81,0.63,0.16,0.3,0.3,0.06,0.49,19.88,1.85,1.76,4
85.64,3.13,0.25,21.81,39.69,267.87,11.74,8.9,21.6,1.2,1487.29,0.69,0.44,0.88,0.38,0.0,0.18,6.25,1.84,0.85,4
4.1,3.83,1.77,54.24,69.31,4489.5,2.79,7.54,4.29,1.8,563.67,0.73,0.47,0.76,0.5,0.88,0.54,7.23,3.08,0.79,3
40.04,1.53,3.83,103.94,29.37,5472.33,113.44,28.64,66.43,1.09,777.45,0.13,1.68,0.13,0.18,0.05,2.19,9.29,4.84,1.23,6
6,2,0,2,14,0,2,0,6,0,52,1,0,0.692307692,0.5,0,0,7.5,1,0.6667,1
9.28,3.36,1.33,21.78,165.15,3391.15,30.11,10.21,40.03,0.39,143.02,0.92,0.12,0.92,0.34,1.24,1.91,12.34,4.07,0.82,5
68.71,2.63,13.69,224.15,150.84,5677.89,46.59,17.86,47.53,0.93,259.34,0.22,2.6,0.18,0.12,1.12,1.23,9.37,5.19,0.93,7
90.43,2.81,0.78,205.11,36.96,7183.06,151.91,6.12,105.46,1.57,417.88,0.72,0.23,0.4,0.16,0.24,1.95,11.59,2.56,1.21,4
53.17,3.05,0.34,52.58,136.26,5437.93,4.8,7.65,22.53,1.63,1348.08,0.09,1.66,0.52,0.42,0.88,2.0,5.21,2.33,0.83,6
10,4,0,7,17,13,1,6,10,0.555555556,82,1,1,0.95625,0.375,1,1,7,2,0.8,1
70.12,1.93,3.99,67.29,232.96,2456.02,27.16,37.34,50.13,1.28,307.02,0.86,0.6,0.37,0.3,0.74,0.41,39.75,6.08,1.14,8
95.16,2.67,1.3,83.17,173.42,7647.67,21.35,18.8,47.51,0.86,1079.36,0.86,0.34,0.45,0.19,0.31,1.01,10.12,5.39,1.03,8
76.16,2.86,0.19,37.94,17.27,1247.16,134.44,31.79,26.78,0.43,377.87,0.47,0.9,0.17,0.69,0.0,0.04,9.26,1.89,1.14,4
30.79,1.95,1.4,374.41,54.03,1522.55,239.08,8.2,46.84,0.83,430.97,0.14,0.04,0.05,0.42,0.01,0.03,7.33,1.7,0.98,4
52.89,3.33,3.59,85.79,157.03,1147.46,39.04,23.85,92.94,1.23,442.4,0.82,0.56,0.3,0.25,0.54,1.74,14.07,4.45,1.0,6
14.59,3.98,6.09,36.99,60.76,1744.93,2.87,33.71,28.02,1.72,54.33,0.28,0.06,0.4,0.4,1.26,1.57,22.55,1.03,2.11,5
13,1,0,6,43,76,3,3,11,0.916666667,180,1,0,0,0.1,0,0,12.76923077,1,0.8462,2
41.36,1.98,1.02,75.34,180.8,8858.78,26.02,19.38,55.88,1.15,277.16,0.83,0.37,0.28,0.43,0.11,0.37,22.93,4.94,1.41,7
3,1,0,6,10,3,0,6,3,2,41,0,0,0,0.833333333,0,0,12.66666667,2,1,1
115.76,1.56,1.78,97.15,34.13,8339.98,31.42,31.34,58.43,1.05,622.99,0.73,2.29,0.02,0.29,0.26,0.44,12.42,6.94,1.28,6
2,3,0,5,14,1,1,4,2,2,47,0,0,0.954545455,0.75,0,0,22.5,1,0.5,3
3,4,0,6,5,3,3,3,3,2,12,0,0,0.987096774,0.666666667,1,2,3,1,0.6667,1
2,1,0,6,3,1,4,2,2,2,7,0,0,0,0.75,0,0,2.5,1,0.5,1
6.59,3.31,1.09,3.62,7.8,184.91,1.86,4.98,47.16,0.88,708.39,0.94,0.09,0.88,0.65,0.05,0.4,5.0,0.39,0.21,3
26.23,2.11,0.0,173.98,52.83,314.82,139.97,5.25,22.49,1.95,141.02,0.77,0.0,0.21,0.24,0.15,0.46,1.03,1.0,0.91,3
6.31,1.65,5.28,39.32,269.25,4405.95,16.0,31.58,11.49,0.77,538.69,0.33,1.01,0.75,0.36,0.04,0.56,23.98,12.59,1.62,5
105.79,2.73,0.49,79.85,180.58,8223.36,38.68,15.5,16.95,0.64,654.34,0.89,0.71,0.77,0.13,0.71,0.74,19.69,6.11,1.48,6
99.78,1.8,3.36,38.62,126.11,8820.31,38.24,40.46,87.9,0.91,820.21,0.44,0.57,0.6,0.12,0.16,0.31,22.33,5.9,1.0,8
13.2,3.29,0.0,30.75,8.63,26.23,37.03,3.4,11.87,1.47,67.64,0.41,0.0,0.16,0.62,0.5,0.97,5.85,1.0,0.77,1
47.85,2.85,2.49,16.77,89.52,5756.11,51.07,31.54,4.1,0.66,131.81,0.69,0.82,0.65,0.77,0.1,0.08,8.19,3.64,0.98,5
48.81,2.1,0.68,24.97,48.58,2748.88,19.41,4.79,39.09,1.19,373.78,0.76,0.77,0.66,0.37,0.38,1.65,10.57,4.13,1.15,9
6,4,0,6,17,0,1,5,4,0.4,85,1,1,0.857142857,0.4,1,2,12.83333333,1,0.8333,1
13,3,0,9,35,26,1,8,9,0.555555556,214,1,2,0.620689655,0.307692308,1,1,15.23076923,8,1.3846,2
24.91,1.57,0.73,210.09,30.8,1046.98,371.09,13.4,21.41,1.59,1278.86,0.61,0.33,0.17,0.14,0.13,0.26,6.95,1.01,1.0,5
19,3,0,13,35,129,3,11,16,0.8,157,1,4,0.538461538,0.173684211,1,1,7,3,1.0526,2
115.06,2.02,8.99,71.46,163.4,7943.36,37.36,34.54,110.08,0.66,1164.03,0.4,1.84,0.31,0.22,0.24,0.08,8.08,5.32,1.05,9
21.43,2.89,1.12,48.59,36.71,4191.68,163.17,9.1,48.42,0.78,200.56,0.81,0.61,0.66,0.17,0.52,6.96,5.74,1.94,0.99,3
96.14,2.88,1.42,29.56,24.79,8932.28,30.4,24.9,118.67,0.62,1094.98,0.98,0.72,0.54,0.1,0.62,0.45,10.97,2.56,1.29,6
17.38,1.36,9.68,52.27,141.12,557.44,14.23,7.45,25.24,1.14,429.78,0.9,1.73,0.44,0.43,0.15,0.67,11.99,3.34,1.05,5
62,2,1,50,135,1723,12,40,48,0.930327869,1182,1,8,0.183098592,0.075260805,1,1,17.74193548,7,1.3548,6
49.55,1.59,2.75,43.93,157.02,5908.58,21.05,6.21,33.66,1.58,1186.28,0.85,0.54,0.18,0.32,0.03,0.27,18.15,3.65,1.16,7
50.33,2.76,0.85,23.65,96.37,1294.69,11.94,15.72,2.46,1.13,800.0,0.54,4.54,0.19,0.37,1.0,2.78,20.13,4.14,1.33,3
13,2,1,3,28,0,3,0,13,0.291666667,140,1,0,0.5,0.384615385,0,0,9.615384615,1,0.6923,2
20.52,1.19,0.17,32.74,66.08,7873.02,24.88,6.59,40.79,0.91,458.13,0.92,2.12,0.91,0.65,0.0,0.0,13.39,1.94,0.93,6
8,1,0,5,21,20,1,4,7,0.942857143,94,1,1,0,0.476190476,0,0,10.125,4,1.75,1
58.62,1.72,2.72,26.49,46.28,1029.58,3.37,14.4,9.57,1.74,321.78,0.49,0.54,0.88,0.21,0.71,1.34,7.58,2.47,0.92,3
57.53,3.06,2.93,92.6,59.8,5805.39,8.77,25.37,43.11,0.82,247.63,0.69,0.57,0.32,0.26,0.89,3.97,8.7,5.76,0.8,5
26.96,1.95,0.12,3.31,30.41,586.91,1.26,28.12,60.57,1.41,525.67,0.13,0.09,0.4,0.34,0.71,0.11,7.43,5.71,0.22,3
30.07,1.39,10.37,255.49,36.73,1670.34,152.31,8.29,17.01,1.26,360.62,0.5,1.19,0.07,0.13,0.49,0.37,1.14,2.02,1.15,4
20,1,0,5,37,132,1,4,18,0.881578947,341,1,0,0,0.3875,0,0,15.65,30,2.5,2
88.67,2.88,3.63,79.44,228.58,2761.32,21.89,31.88,70.25,0.95,1259.89,0.67,0.63,0.3,0.13,0.64,0.33,24.0,6.57,1.57,8
103.08,1.77,4.46,73.45,182.12,8100.43,6.1,23.63,68.65,0.72,1385.63,0.82,0.51,0.59,0.21,0.35,2.16,19.99,4.14,1.07,8
24.25,1.0,0.0,231.2,27.58,213.09,325.5,5.36,24.18,1.95,155.21,0.26,0.0,0.0,0.16,0.0,0.0,6.65,1.58,1.28,3
11.72,3.46,1.17,19.17,43.4,1762.3,10.93,16.41,47.75,1.88,90.19,0.28,0.06,0.9,0.32,0.38,2.3,11.98,2.7,0.63,3
4,5,0,1,13,0,0,1,3,0.833333333,47,1,0,0.894736842,0.5,0,0,10.25,2,0.75,1
26,1,0,389,26,325,387,4,26,2,26,0,0,0,0.157692308,0,0,0,1,1,4
62.09,1.21,2.32,11.35,120.5,752.38,5.67,37.46,39.03,0.86,1578.41,0.89,0.38,0.18,0.14,0.03,0.22,23.08,6.93,1.35,7
9,2,0,10,13,0,1,9,9,0.25,92,1,1,0.333333333,0.355555556,0,0,9,1,0.6667,2
138.93,1.34,15.16,82.66,188.33,8540.1,38.66,31.48,67.05,0.87,678.25,0.96,3.0,0.0,0.09,0.01,0.61,11.18,5.72,1.28,9
2,3,0,8,8,1,2,7,2,2,31,0,0,0.952380952,0.625,0,0,14.5,2,1,1
47.17,2.89,6.51,26.07,117.03,2572.57,9.52,19.69,8.67,1.25,296.31,0.74,0.27,0.84,0.36,0.42,4.13,5.82,5.07,0.89,3
31.09,1.94,0.58,52.64,30.94,465.05,9.73,9.21,37.05,1.86,403.46,0.23,2.18,0.52,0.28,2.44,0.12,8.06,3.84,0.86,5
16.45,2.82,1.99,18.47,36.21,3424.6,5.94,14.15,11.98,1.16,1085.24,0.66,0.28,0.58,0.29,0.73,0.07,10.51,3.87,1.15,5
8,1,1,14,66,8,2,12,2,0.75,380,0.75,1,0,0.321428571,0,0,46,11,2.125,1
3,1,0,19,3,3,17,3,3,2,3,0,0,0,0.5,0,0,0,1,1,1
23.79,1.25,1.31,95.32,43.08,735.45,95.09,10.38,85.43,1.84,874.02,0.51,0.6,0.29,0.2,0.31,2.19,0.73,1.42,1.05,5
19.75,1.95,2.81,21.8,165.6,1147.05,11.64,6.57,14.05,0.78,399.55,0.83,2.77,0.3,0.58,0.6,1.42,20.89,4.59,2.12,3
41.24,1.6,2.89,69.28,79.83,2051.58,26.23,24.64,55.45,0.85,250.62,0.96,2.59,0.17,0.15,0.67,0.98,11.57,2.12,1.11,6
15.72,3.3,1.42,28.79,90.56,895.27,5.27,24.16,44.45,0.57,415.47,0.72,0.47,0.38,0.56,0.04,1.83,14.14,3.27,1.05,4
24.3,1.0,0.0,260.42,88.45,319.21,233.79,20.71,13.7,0.94,191.36,0.96,1.41,0.0,0.19,0.0,0.0,32.68,5.22,2.59,5
23.63,3.51,0.33,79.61,193.66,3563.96,31.91,33.42,87.34,1.51,1168.24,0.36,0.36,0.23,0.15,2.27,2.78,5.9,2.3,0.67,6
6,3,0,3,9,13,0,3,4,0.4,34,1,0,0.782608696,0.375,1,1,4.5,2,1,1
117.71,1.43,10.01,8.04,75.42,2617.95,3.03,24.31,28.76,0.06,311.54,0.62,0.81,0.36,0.65,0.0,0.53,9.53,1.25,0.58,4
38.89,2.22,9.31,51.9,87.11,4280.58,19.6,10.56,47.61,1.39,219.12,0.55,1.15,0.5,0.14,0.79,0.4,8.35,2.96,0.47,7
4,2,0,2,6,4,1,1,4,0.333333333,24,1,0,0.916666667,0.75,1,2,4.75,1,0.5,1
123.78,2.17,13.89,58.27,181.13,4024.92,31.77,30.37,64.08,1.99,278.31,0.76,1.15,0.18,0.09,0.28,0.72,7.91,1.4,1.26,6
121.21,1.35,12.63,78.15,90.55,1876.06,25.65,24.49,55.66,0.97,425.5,0.31,2.69,0.1,0.33,0.01,0.31,11.19,5.29,1.07,7
99.37,1.78,4.27,34.31,196.24,5619.99,18.99,31.84,86.98,0.98,553.59,0.16,0.54,0.41,0.33,0.28,0.7,27.02,4.66,0.72,7
118.85,2.22,12.32,65.43,28.88,4651.34,21.51,21.88,42.97,0.87,644.74,0.82,1.79,0.58,0.1,0.67,0.87,11.58,5.7,1.29,6
52.35,1.38,13.4,74.71,139.46,8372.04,9.36,31.19,40.85,1.28,544.37,0.53,1.47,0.62,0.1,0.26,0.89,10.36,1.94,0.85,6
92.21,1.72,6.55,67.54,82.33,8369.91,24.52,38.56,51.76,0.89,1481.06,0.38,0.61,0.19,0.1,0.02,0.03,21.48,3.68,1.32,7
15,1,0,3,59,105,3,1,13,2,519,0,0,0,0.28,0,0,33.6,5,1.5333,1
111.91,1.74,4.04,88.24,253.0,9276.04,40.2,42.9,124.98,0.89,1593.3,0.86,0.6,0.22,0.08,0.19,0.36,26.22,6.79,1.44,12
2,4,0,3,5,0,0,3,1,0,13,1,0,1,1,0,0,5,0,0,1
15.24,1.9,4.19,80.69,121.8,2690.57,16.95,17.99,68.91,1.32,979.46,0.46,0.37,0.29,0.14,2.49,1.2,18.73,6.77,1.29,7
22.62,1.46,1.91,56.48,160.45,5257.27,19.79,29.2,88.18,1.29,1107.7,0.79,1.17,0.22,0.24,0.07,1.97,9.69,2.96,0.87,7
73.3,1.93,1.28,20.21,154.97,8552.11,6.93,31.45,43.12,0.77,362.47,0.97,0.49,0.46,0.31,0.27,1.88,25.28,4.37,1.41,7
29,1,0,14,29,406,8,6,29,2,29,0,0,0,0.37164751,0,0,0,1,1,3
62.2,1.82,0.19,77.12,163.71,1208.75,1.81,15.45,108.58,0.8,1154.3,0.99,0.67,0.7,0.19,0.1,0.09,28.87,6.18,1.48,7
65.46,2.52,0.32,11.42,31.83,2922.24,21.73,9.61,48.71,1.95,494.84,0.83,0.19,0.29,0.38,0.24,0.13,23.65,3.64,1.8,3
109.39,1.7,4.16,86.07,99.01,7915.17,13.2,23.04,24.14,1.32,1005.52,0.51,1.14,0.21,0.83,0.14,0.33,14.29,3.07,1.29,8
23,2,0,13,49,201,2,13,21,0.918181818,266,1,0,0.534883721,0.176767677,1,1,10.13043478,1,0.8696,1
25,1,0,149,25,300,141,12,25,2,25,0,0,0,0.18,0,0,0,1,1,6
31.4,2.84,0.12,63.76,192.8,8745.24,26.04,35.34,74.34,0.88,837.2,0.73,2.8,0.25,0.09,0.74,0.5,24.14,10.81,1.49,12
3.34,2.19,0.89,25.59,131.44,2333.3,9.95,20.47,22.95,1.85,171.0,0.36,1.83,0.67,0.3,0.94,0.37,10.58,4.05,0.96,3
62.15,2.45,3.86,62.08,125.24,4450.72,16.19,25.06,112.42,0.49,1255.54,0.85,0.6,0.71,0.37,0.14,0.29,19.03,6.09,0.82,8
63.65,1.55,6.39,56.32,120.24,769.54,136.21,12.14,29.55,1.34,1253.13,0.75,1.17,0.1,0.2,0.0,0.0,0.4,4.01,1.11,6
7,3,0,8,18,21,2,6,4,2,66,0,0,0.882352941,0.326530612,0,0,8.428571429,2,0.7143,1
76.97,1.71,0.48,17.21,87.49,3194.9,17.85,34.23,104.53,1.02,1194.38,0.75,0.58,0.03,0.57,0.01,0.14,132.94,4.71,1.73,6
94.0,1.83,5.63,95.14,84.34,5357.82,272.89,37.26,57.58,1.28,804.57,0.8,0.26,0.06,0.2,0.73,0.49,22.97,5.66,1.34,8
15,1,0,11,42,105,10,1,14,2,214,0,0,0,0.2,0,0,13.26666667,4,2.4667,2
18,1,0,9,44,85,1,8,10,0.739495798,242,1,2,0,0.205882353,0,0,12.05555556,5,1.3889,2
62.63,2.19,0.25,102.4,64.04,738.75,36.79,17.4,17.42,1.19,966.84,0.71,0.09,0.77,0.52,0.69,1.76,23.2,2.18,0.87,4
9,2,1,9,25,4,4,5,6,0.625,103,1,2,0.666666667,0.35,1,5,10,3,1,2
4.94,2.31,0.01,132.5,21.89,980.08,11.85,7.05,10.07,0.03,335.61,0.89,0.06,0.58,0.78,0.0,0.0,9.59,0.89,0.12,2
9.99,3.86,0.0,181.35,24.29,134.83,264.99,3.01,6.03,1.58,24.06,0.32,0.0,0.7,0.53,0.0,0.0,7.41,1.0,0.5,2
10,2,17,27,21,17,18,9,7,0.777777778,90,1,4,0.590909091,0.28,1,1,7.6,2,1.1,1
15.84,1.67,4.1,67.6,52.64,4242.21,109.06,52.11,108.58,0.94,766.99,0.44,0.76,0.03,0.21,0.39,0.18,27.48,13.5,1.35,6
5.44,2.15,1.58,33.36,107.82,915.8,3.73,24.82,58.94,0.41,334.45,0.84,0.52,0.66,0.79,0.09,0.02,15.47,0.91,0.79,4
4,2,0,6,16,4,1,5,3,0.666666667,50,1,0,0.857142857,0.466666667,0,0,11.25,1,0.25,1
9,1,0,8,22,0,2,6,8,0.46875,149,1,0,0,0.333333333,0,0,15.11111111,3,1,1
12,4,0,12,29,52,4,9,12,0.818181818,115,1,1,0.946107784,0.214285714,2,3,8.333333333,2,0.8333,3
94.12,1.96,2.17,75.33,118.1,9010.6,34.04,41.03,78.17,0.42,1141.07,0.9,0.44,0.46,0.44,0.18,0.21,10.53,1.53,1.27,8
4,4,0,9,12,6,4,6,4,2,47,0,0,0.928571429,0.416666667,0,0,10.75,4,1.25,3
5,3,0,11,31,4,1,10,3,0.916666667,125,0.333333333,1,0.884615385,0.377777778,1,2,23.4,3,1,1
12,4,0,14,24,52,7,7,10,0.818181818,91,1,1,0.932926829,0.226190476,1,5,6.333333333,2,1.0833,3
107.23,2.33,3.91,91.16,85.63,7484.97,143.27,23.5,35.52,1.07,191.61,0.56,0.64,0.52,0.23,1.56,0.35,22.57,3.78,0.85,7
47,2,1,20,75,999,7,16,39,0.691304348,529,1,3,0.224137931,0.232269504,1,1,10.14893617,7,1.2128,4
10,1,2,10,26,39,4,8,8,0.555555556,108,1,0,0,0.257142857,0,0,9.7,2,1,1
91.66,2.91,3.89,58.36,108.39,3431.52,16.44,36.47,114.47,1.27,277.43,0.46,0.6,0.24,0.1,0.68,0.86,12.97,5.8,1.36,6
9.82,3.8,2.88,51.44,5.94,61.51,33.05,3.93,1.98,0.86,91.43,0.82,0.99,0.76,0.43,0.38,0.65,4.28,2.06,0.46,4
61.13,1.53,3.19,122.89,97.34,3092.89,155.15,18.4,61.46,0.94,1459.23,0.62,0.11,0.14,0.08,0.04,0.22,8.83,1.3,1.12,9
24,2,6,27,55,30,13,14,20,0.652173913,207,1,1,0.568627451,0.128472222,1,3,7.5,2,0.9583,7
4.75,2.15,1.09,54.69,76.47,2109.88,22.51,22.54,31.55,1.66,1172.97,0.66,0.54,0.95,0.57,0.7,1.91,20.72,2.4,1.0,4
5.44,2.15,1.58,33.36,107.82,915.8,3.73,24.82,58.94,0.41,334.45,0.84,0.52,0.66,0.79,0.09,0.02,15.47,0.91,0.79,4
52.35,1.38,13.4,74.71,139.46,8372.04,9.36,31.19,40.85,1.28,544.37,0.53,1.47,0.62,0.1,0.26,0.89,10.36,1.94,0.85,6
9.28,3.36,1.33,21.78,165.15,3391.15,30.11,10.21,40.03,0.39,143.02,0.92,0.12,0.92,0.34,1.24,1.91,12.34,4.07,0.82,5
85.64,3.13,0.25,21.81,39.69,267.87,11.74,8.9,21.6,1.2,1487.29,0.69,0.44,0.88,0.38,0.0,0.18,6.25,1.84,0.85,4
62.15,2.45,3.86,62.08,125.24,4450.72,16.19,25.06,112.42,0.49,1255.54,0.85,0.6,0.71,0.37,0.14,0.29,19.03,6.09,0.82,8
62.63,2.19,0.25,102.4,64.04,738.75,36.79,17.4,17.42,1.19,966.84,0.71,0.09,0.77,0.52,0.69,1.76,23.2,2.18,0.87,4
63.29,1.77,1.86,14.4,42.18,149.15,3.78,25.02,12.39,1.25,947.23,0.68,0.8,0.08,0.23,0.08,0.3,11.95,2.48,0.78,7
31.09,1.94,0.58,52.64,30.94,465.05,9.73,9.21,37.05,1.86,403.46,0.23,2.18,0.52,0.28,2.44,0.12,8.06,3.84,0.86,5
99.37,1.78,4.27,34.31,196.24,5619.99,18.99,31.84,86.98,0.98,553.59,0.16,0.54,0.41,0.33,0.28,0.7,27.02,4.66,0.72,7
26.23,2.11,0.0,173.98,52.83,314.82,139.97,5.25,22.49,1.95,141.02,0.77,0.0,0.21,0.24,0.15,0.46,1.03,1.0,0.91,3
103.08,1.77,4.46,73.45,182.12,8100.43,6.1,23.63,68.65,0.72,1385.63,0.82,0.51,0.59,0.21,0.35,2.16,19.99,4.14,1.07,8
9.99,3.86,0.0,181.35,24.29,134.83,264.99,3.01,6.03,1.58,24.06,0.32,0.0,0.7,0.53,0.0,0.0,7.41,1.0,0.5,2
47.85,2.85,2.49,16.77,89.52,5756.11,51.07,31.54,4.1,0.66,131.81,0.69,0.82,0.65,0.77,0.1,0.08,8.19,3.64,0.98,5
107.23,2.33,3.91,91.16,85.63,7484.97,143.27,23.5,35.52,1.07,191.61,0.56,0.64,0.52,0.23,1.56,0.35,22.57,3.78,0.85,7
20.52,1.19,0.17,32.74,66.08,7873.02,24.88,6.59,40.79,0.91,458.13,0.92,2.12,0.91,0.65,0.0,0.0,13.39,1.94,0.93,6
7.92,3.25,0.2,37.08,5.13,4590.13,345.1,31.94,1.86,0.43,370.65,0.47,0.04,0.82,0.71,0.01,0.06,4.97,1.57,1.1,4
22.62,1.46,1.91,56.48,160.45,5257.27,19.79,29.2,88.18,1.29,1107.7,0.79,1.17,0.22,0.24,0.07,1.97,9.69,2.96,0.87,7
85.64,3.13,0.25,21.81,39.69,267.87,11.74,8.9,21.6,1.2,1487.29,0.69,0.44,0.88,0.38,0.0,0.18,6.25,1.84,0.85,4
50.33,2.76,0.85,23.65,96.37,1294.69,11.94,15.72,2.46,1.13,800.0,0.54,4.54,0.19,0.37,1.0,2.78,20.13,4.14,1.33,3
63.65,1.55,6.39,56.32,120.24,769.54,136.21,12.14,29.55,1.34,1253.13,0.75,1.17,0.1,0.2,0.0,0.0,0.4,4.01,1.11,6
24.91,1.57,0.73,210.09,30.8,1046.98,371.09,13.4,21.41,1.59,1278.86,0.61,0.33,0.17,0.14,0.13,0.26,6.95,1.01,1.0,5
118.85,2.22,12.32,65.43,28.88,4651.34,21.51,21.88,42.97,0.87,644.74,0.82,1.79,0.58,0.1,0.67,0.87,11.58,5.7,1.29,6
121.21,1.35,12.63,78.15,90.55,1876.06,25.65,24.49,55.66,0.97,425.5,0.31,2.69,0.1,0.33,0.01,0.31,11.19,5.29,1.07,7
115.06,2.02,8.99,71.46,163.4,7943.36,37.36,34.54,110.08,0.66,1164.03,0.4,1.84,0.31,0.22,0.24,0.08,8.08,5.32,1.05,9
26.96,1.95,0.12,3.31,30.41,586.91,1.26,28.12,60.57,1.41,525.67,0.13,0.09,0.4,0.34,0.71,0.11,7.43,5.71,0.22,3
40.04,1.53,3.83,103.94,29.37,5472.33,113.44,28.64,66.43,1.09,777.45,0.13,1.68,0.13,0.18,0.05,2.19,9.29,4.84,1.23,6
9.28,3.36,1.33,21.78,165.15,3391.15,30.11,10.21,40.03,0.39,143.02,0.92,0.12,0.92,0.34,1.24,1.91,12.34,4.07,0.82,5
15.72,3.3,1.42,28.79,90.56,895.27,5.27,24.16,44.45,0.57,415.47,0.72,0.47,0.38,0.56,0.04,1.83,14.14,3.27,1.05,4
57.53,3.06,2.93,92.6,59.8,5805.39,8.77,25.37,43.11,0.82,247.63,0.69,0.57,0.32,0.26,0.89,3.97,8.7,5.76,0.8,5
17.38,1.36,9.68,52.27,141.12,557.44,14.23,7.45,25.24,1.14,429.78,0.9,1.73,0.44,0.43,0.15,0.67,11.99,3.34,1.05,5
40.04,1.53,3.83,103.94,29.37,5472.33,113.44,28.64,66.43,1.09,777.45,0.13,1.68,0.13,0.18,0.05,2.19,9.29,4.84,1.23,6
70.12,1.93,3.99,67.29,232.96,2456.02,27.16,37.34,50.13,1.28,307.02,0.86,0.6,0.37,0.3,0.74,0.41,39.75,6.08,1.14,8
66.87,1.86,2.0,3.43,27.07,969.85,2.26,9.01,9.16,1.52,351.67,0.06,0.14,0.49,0.35,0.16,3.56,10.91,2.83,0.9,3
11.72,3.46,1.17,19.17,43.4,1762.3,10.93,16.41,47.75,1.88,90.19,0.28,0.06,0.9,0.32,0.38,2.3,11.98,2.7,0.63,3
94.12,1.96,2.17,75.33,118.1,9010.6,34.04,41.03,78.17,0.42,1141.07,0.9,0.44,0.46,0.44,0.18,0.21,10.53,1.53,1.27,8
107.23,2.33,3.91,91.16,85.63,7484.97,143.27,23.5,35.52,1.07,191.61,0.56,0.64,0.52,0.23,1.56,0.35,22.57,3.78,0.85,7
3.34,2.19,0.89,25.59,131.44,2333.3,9.95,20.47,22.95,1.85,171.0,0.36,1.83,0.67,0.3,0.94,0.37,10.58,4.05,0.96,3
9.28,3.36,1.33,21.78,165.15,3391.15,30.11,10.21,40.03,0.39,143.02,0.92,0.12,0.92,0.34,1.24,1.91,12.34,4.07,0.82,5
30.79,1.95,1.4,374.41,54.03,1522.55,239.08,8.2,46.84,0.83,430.97,0.14,0.04,0.05,0.42,0.01,0.03,7.33,1.7,0.98,4
115.76,1.56,1.78,97.15,34.13,8339.98,31.42,31.34,58.43,1.05,622.99,0.73,2.29,0.02,0.29,0.26,0.44,12.42,6.94,1.28,6
63.29,1.77,1.86,14.4,42.18,149.15,3.78,25.02,12.39,1.25,947.23,0.68,0.8,0.08,0.23,0.08,0.3,11.95,2.48,0.78,7
16.45,2.82,1.99,18.47,36.21,3424.6,5.94,14.15,11.98,1.16,1085.24,0.66,0.28,0.58,0.29,0.73,0.07,10.51,3.87,1.15,5
47.17,2.89,6.51,26.07,117.03,2572.57,9.52,19.69,8.67,1.25,296.31,0.74,0.27,0.84,0.36,0.42,4.13,5.82,5.07,0.89,3
5.44,2.15,1.58,33.36,107.82,915.8,3.73,24.82,58.94,0.41,334.45,0.84,0.52,0.66,0.79,0.09,0.02,15.47,0.91,0.79,4
138.93,1.34,15.16,82.66,188.33,8540.1,38.66,31.48,67.05,0.87,678.25,0.96,3.0,0.0,0.09,0.01,0.61,11.18,5.72,1.28,9
15.24,1.9,4.19,80.69,121.8,2690.57,16.95,17.99,68.91,1.32,979.46,0.46,0.37,0.29,0.14,2.49,1.2,18.73,6.77,1.29,7
62.15,2.45,3.86,62.08,125.24,4450.72,16.19,25.06,112.42,0.49,1255.54,0.85,0.6,0.71,0.37,0.14,0.29,19.03,6.09,0.82,8
24.25,1.0,0.0,231.2,27.58,213.09,325.5,5.36,24.18,1.95,155.21,0.26,0.0,0.0,0.16,0.0,0.0,6.65,1.58,1.28,3
37.69,2.82,4.37,63.48,166.21,6751.85,97.73,28.31,108.57,0.79,1508.97,0.83,0.96,0.69,0.15,0.19,0.84,7.95,0.86,1.43,7
49.55,1.59,2.75,43.93,157.02,5908.58,21.05,6.21,33.66,1.58,1186.28,0.85,0.54,0.18,0.32,0.03,0.27,18.15,3.65,1.16,7
21.43,2.89,1.12,48.59,36.71,4191.68,163.17,9.1,48.42,0.78,200.56,0.81,0.61,0.66,0.17,0.52,6.96,5.74,1.94,0.99,3
37.69,2.82,4.37,63.48,166.21,6751.85,97.73,28.31,108.57,0.79,1508.97,0.83,0.96,0.69,0.15,0.19,0.84,7.95,0.86,1.43,7
94.12,1.96,2.17,75.33,118.1,9010.6,34.04,41.03,78.17,0.42,1141.07,0.9,0.44,0.46,0.44,0.18,0.21,10.53,1.53,1.27,8
15.84,1.67,4.1,67.6,52.64,4242.21,109.06,52.11,108.58,0.94,766.99,0.44,0.76,0.03,0.21,0.39,0.18,27.48,13.5,1.35,6
68.71,2.63,13.69,224.15,150.84,5677.89,46.59,17.86,47.53,0.93,259.34,0.22,2.6,0.18,0.12,1.12,1.23,9.37,5.19,0.93,7
68.71,2.63,13.69,224.15,150.84,5677.89,46.59,17.86,47.53,0.93,259.34,0.22,2.6,0.18,0.12,1.12,1.23,9.37,5.19,0.93,7
30.07,1.39,10.37,255.49,36.73,1670.34,152.31,8.29,17.01,1.26,360.62,0.5,1.19,0.07,0.13,0.49,0.37,1.14,2.02,1.15,4
40.04,1.53,3.83,103.94,29.37,5472.33,113.44,28.64,66.43,1.09,777.45,0.13,1.68,0.13,0.18,0.05,2.19,9.29,4.84,1.23,6
103.08,1.77,4.46,73.45,182.12,8100.43,6.1,23.63,68.65,0.72,1385.63,0.82,0.51,0.59,0.21,0.35,2.16,19.99,4.14,1.07,8
19.75,1.95,2.81,21.8,165.6,1147.05,11.64,6.57,14.05,0.78,399.55,0.83,2.77,0.3,0.58,0.6,1.42,20.89,4.59,2.12,3
47.85,2.85,2.49,16.77,89.52,5756.11,51.07,31.54,4.1,0.66,131.81,0.69,0.82,0.65,0.77,0.1,0.08,8.19,3.64,0.98,5
52.35,1.38,13.4,74.71,139.46,8372.04,9.36,31.19,40.85,1.28,544.37,0.53,1.47,0.62,0.1,0.26,0.89,10.36,1.94,0.85,6
103.08,1.77,4.46,73.45,182.12,8100.43,6.1,23.63,68.65,0.72,1385.63,0.82,0.51,0.59,0.21,0.35,2.16,19.99,4.14,1.07,8
103.08,1.77,4.46,73.45,182.12,8100.43,6.1,23.63,68.65,0.72,1385.63,0.82,0.51,0.59,0.21,0.35,2.16,19.99,4.14,1.07,8
99.78,1.8,3.36,38.62,126.11,8820.31,38.24,40.46,87.9,0.91,820.21,0.44,0.57,0.6,0.12,0.16,0.31,22.33,5.9,1.0,8
13.2,3.29,0.0,30.75,8.63,26.23,37.03,3.4,11.87,1.47,67.64,0.41,0.0,0.16,0.62,0.5,0.97,5.85,1.0,0.77,1
82.01,2.26,2.65,41.95,187.31,2077.46,27.51,19.05,88.5,1.4,1547.85,0.59,1.09,0.31,0.18,0.21,0.41,10.3,3.33,1.3,8
21.43,2.89,1.12,48.59,36.71,4191.68,163.17,9.1,48.42,0.78,200.56,0.81,0.61,0.66,0.17,0.52,6.96,5.74,1.94,0.99,3
37.69,2.82,4.37,63.48,166.21,6751.85,97.73,28.31,108.57,0.79,1508.97,0.83,0.96,0.69,0.15,0.19,0.84,7.95,0.86,1.43,7
99.78,1.8,3.36,38.62,126.11,8820.31,38.24,40.46,87.9,0.91,820.21,0.44,0.57,0.6,0.12,0.16,0.31,22.33,5.9,1.0,8
30.79,1.95,1.4,374.41,54.03,1522.55,239.08,8.2,46.84,0.83,430.97,0.14,0.04,0.05,0.42,0.01,0.03,7.33,1.7,0.98,4
99.37,1.78,4.27,34.31,196.24,5619.99,18.99,31.84,86.98,0.98,553.59,0.16,0.54,0.41,0.33,0.28,0.7,27.02,4.66,0.72,7
92.21,1.72,6.55,67.54,82.33,8369.91,24.52,38.56,51.76,0.89,1481.06,0.38,0.61,0.19,0.1,0.02,0.03,21.48,3.68,1.32,7
107.23,2.33,3.91,91.16,85.63,7484.97,143.27,23.5,35.52,1.07,191.61,0.56,0.64,0.52,0.23,1.56,0.35,22.57,3.78,0.85,7
107.23,2.33,3.91,91.16,85.63,7484.97,143.27,23.5,35.52,1.07,191.61,0.56,0.64,0.52,0.23,1.56,0.35,22.57,3.78,0.85,7
33.2,2.82,3.31,47.84,46.31,3038.34,201.76,21.15,25.77,1.31,1010.75,0.95,0.57,0.18,0.12,0.65,0.6,8.76,2.33,1.26,5
92.21,1.72,6.55,67.54,82.33,8369.91,24.52,38.56,51.76,0.89,1481.06,0.38,0.61,0.19,0.1,0.02,0.03,21.48,3.68,1.32,7
5.44,2.15,1.58,33.36,107.82,915.8,3.73,24.82,58.94,0.41,334.45,0.84,0.52,0.66,0.79,0.09,0.02,15.47,0.91,0.79,4
109.39,1.7,4.16,86.07,99.01,7915.17,13.2,23.04,24.14,1.32,1005.52,0.51,1.14,0.21,0.83,0.14,0.33,14.29,3.07,1.29,8
117.71,1.43,10.01,8.04,75.42,2617.95,3.03,24.31,28.76,0.06,311.54,0.62,0.81,0.36,0.65,0.0,0.53,9.53,1.25,0.58,4
22.62,1.46,1.91,56.48,160.45,5257.27,19.79,29.2,88.18,1.29,1107.7,0.79,1.17,0.22,0.24,0.07,1.97,9.69,2.96,0.87,7
21.43,2.89,1.12,48.59,36.71,4191.68,163.17,9.1,48.42,0.78,200.56,0.81,0.61,0.66,0.17,0.52,6.96,5.74,1.94,0.99,3
76.16,2.86,0.19,37.94,17.27,1247.16,134.44,31.79,26.78,0.43,377.87,0.47,0.9,0.17,0.69,0.0,0.04,9.26,1.89,1.14,4
38.89,2.22,9.31,51.9,87.11,4280.58,19.6,10.56,47.61,1.39,219.12,0.55,1.15,0.5,0.14,0.79,0.4,8.35,2.96,0.47,7
121.21,1.35,12.63,78.15,90.55,1876.06,25.65,24.49,55.66,0.97,425.5,0.31,2.69,0.1,0.33,0.01,0.31,11.19,5.29,1.07,7
40.04,1.53,3.83,103.94,29.37,5472.33,113.44,28.64,66.43,1.09,777.45,0.13,1.68,0.13,0.18,0.05,2.19,9.29,4.84,1.23,6
99.37,1.78,4.27,34.31,196.24,5619.99,18.99,31.84,86.98,0.98,553.59,0.16,0.54,0.41,0.33,0.28,0.7,27.02,4.66,0.72,7
24.91,1.57,0.73,210.09,30.8,1046.98,371.09,13.4,21.41,1.59,1278.86,0.61,0.33,0.17,0.14,0.13,0.26,6.95,1.01,1.0,5
5.44,2.15,1.58,33.36,107.82,915.8,3.73,24.82,58.94,0.41,334.45,0.84,0.52,0.66,0.79,0.09,0.02,15.47,0.91,0.79,4
30.79,1.95,1.4,374.41,54.03,1522.55,239.08,8.2,46.84,0.83,430.97,0.14,0.04,0.05,0.42,0.01,0.03,7.33,1.7,0.98,4
47.17,2.89,6.51,26.07,117.03,2572.57,9.52,19.69,8.67,1.25,296.31,0.74,0.27,0.84,0.36,0.42,4.13,5.82,5.07,0.89,3
94.12,1.96,2.17,75.33,118.1,9010.6,34.04,41.03,78.17,0.42,1141.07,0.9,0.44,0.46,0.44,0.18,0.21,10.53,1.53,1.27,8
4.94,2.31,0.01,132.5,21.89,980.08,11.85,7.05,10.07,0.03,335.61,0.89,0.06,0.58,0.78,0.0,0.0,9.59,0.89,0.12,2
24.8,2.01,6.17,127.16,84.6,574.8,17.81,9.91,43.44,0.97,233.01,0.32,0.94,0.39,0.21,0.17,2.8,18.47,3.62,0.94,5
23.79,1.25,1.31,95.32,43.08,735.45,95.09,10.38,85.43,1.84,874.02,0.51,0.6,0.29,0.2,0.31,2.19,0.73,1.42,1.05,5
33.2,2.82,3.31,47.84,46.31,3038.34,201.76,21.15,25.77,1.31,1010.75,0.95,0.57,0.18,0.12,0.65,0.6,8.76,2.33,1.26,5
53.17,3.05,0.34,52.58,136.26,5437.93,4.8,7.65,22.53,1.63,1348.08,0.09,1.66,0.52,0.42,0.88,2.0,5.21,2.33,0.83,6
99.78,1.8,3.36,38.62,126.11,8820.31,38.24,40.46,87.9,0.91,820.21,0.44,0.57,0.6,0.12,0.16,0.31,22.33,5.9,1.0,8
26.96,1.95,0.12,3.31,30.41,586.91,1.26,28.12,60.57,1.41,525.67,0.13,0.09,0.4,0.34,0.71,0.11,7.43,5.71,0.22,3
91.66,2.91,3.89,58.36,108.39,3431.52,16.44,36.47,114.47,1.27,277.43,0.46,0.6,0.24,0.1,0.68,0.86,12.97,5.8,1.36,6
123.78,2.17,13.89,58.27,181.13,4024.92,31.77,30.37,64.08,1.99,278.31,0.76,1.15,0.18,0.09,0.28,0.72,7.91,1.4,1.26,6
6.31,1.65,5.28,39.32,269.25,4405.95,16.0,31.58,11.49,0.77,538.69,0.33,1.01,0.75,0.36,0.04,0.56,23.98,12.59,1.62,5
123.78,2.17,13.89,58.27,181.13,4024.92,31.77,30.37,64.08,1.99,278.31,0.76,1.15,0.18,0.09,0.28,0.72,7.91,1.4,1.26,6
85.64,3.13,0.25,21.81,39.69,267.87,11.74,8.9,21.6,1.2,1487.29,0.69,0.44,0.88,0.38,0.0,0.18,6.25,1.84,0.85,4
103.08,1.77,4.46,73.45,182.12,8100.43,6.1,23.63,68.65,0.72,1385.63,0.82,0.51,0.59,0.21,0.35,2.16,19.99,4.14,1.07,8
9.82,3.8,2.88,51.44,5.94,61.51,33.05,3.93,1.98,0.86,91.43,0.82,0.99,0.76,0.43,0.38,0.65,4.28,2.06,0.46,4
111.91,1.74,4.04,88.24,253.0,9276.04,40.2,42.9,124.98,0.89,1593.3,0.86,0.6,0.22,0.08,0.19,0.36,26.22,6.79,1.44,12
37.69,2.82,4.37,63.48,166.21,6751.85,97.73,28.31,108.57,0.79,1508.97,0.83,0.96,0.69,0.15,0.19,0.84,7.95,0.86,1.43,7
24.8,2.01,6.17,127.16,84.6,574.8,17.81,9.91,43.44,0.97,233.01,0.32,0.94,0.39,0.21,0.17,2.8,18.47,3.62,0.94,5
41.36,1.98,1.02,75.34,180.8,8858.78,26.02,19.38,55.88,1.15,277.16,0.83,0.37,0.28,0.43,0.11,0.37,22.93,4.94,1.41,7
10.61,1.59,0.61,22.2,58.83,2000.95,20.39,28.64,16.36,1.01,216.81,0.63,0.16,0.3,0.3,0.06,0.49,19.88,1.85,1.76,4
4.1,3.83,1.77,54.24,69.31,4489.5,2.79,7.54,4.29,1.8,563.67,0.73,0.47,0.76,0.5,0.88,0.54,7.23,3.08,0.79,3
118.85,2.22,12.32,65.43,28.88,4651.34,21.51,21.88,42.97,0.87,644.74,0.82,1.79,0.58,0.1,0.67,0.87,11.58,5.7,1.29,6
10.61,1.59,0.61,22.2,58.83,2000.95,20.39,28.64,16.36,1.01,216.81,0.63,0.16,0.3,0.3,0.06,0.49,19.88,1.85,1.76,4
26.96,1.95,0.12,3.31,30.41,586.91,1.26,28.12,60.57,1.41,525.67,0.13,0.09,0.4,0.34,0.71,0.11,7.43,5.71,0.22,3
40.04,1.53,3.83,103.94,29.37,5472.33,113.44,28.64,66.43,1.09,777.45,0.13,1.68,0.13,0.18,0.05,2.19,9.29,4.84,1.23,6
63.65,1.55,6.39,56.32,120.24,769.54,136.21,12.14,29.55,1.34,1253.13,0.75,1.17,0.1,0.2,0.0,0.0,0.4,4.01,1.11,6
30.79,1.95,1.4,374.41,54.03,1522.55,239.08,8.2,46.84,0.83,430.97,0.14,0.04,0.05,0.42,0.01,0.03,7.33,1.7,0.98,4
115.06,2.02,8.99,71.46,163.4,7943.36,37.36,34.54,110.08,0.66,1164.03,0.4,1.84,0.31,0.22,0.24,0.08,8.08,5.32,1.05,9
15.24,1.9,4.19,80.69,121.8,2690.57,16.95,17.99,68.91,1.32,979.46,0.46,0.37,0.29,0.14,2.49,1.2,18.73,6.77,1.29,7
23.79,1.25,1.31,95.32,43.08,735.45,95.09,10.38,85.43,1.84,874.02,0.51,0.6,0.29,0.2,0.31,2.19,0.73,1.42,1.05,5
9.28,3.36,1.33,21.78,165.15,3391.15,30.11,10.21,40.03,0.39,143.02,0.92,0.12,0.92,0.34,1.24,1.91,12.34,4.07,0.82,5
115.76,1.56,1.78,97.15,34.13,8339.98,31.42,31.34,58.43,1.05,622.99,0.73,2.29,0.02,0.29,0.26,0.44,12.42,6.94,1.28,6
31.09,1.94,0.58,52.64,30.94,465.05,9.73,9.21,37.05,1.86,403.46,0.23,2.18,0.52,0.28,2.44,0.12,8.06,3.84,0.86,5
95.16,2.67,1.3,83.17,173.42,7647.67,21.35,18.8,47.51,0.86,1079.36,0.86,0.34,0.45,0.19,0.31,1.01,10.12,5.39,1.03,8
19.75,1.95,2.81,21.8,165.6,1147.05,11.64,6.57,14.05,0.78,399.55,0.83,2.77,0.3,0.58,0.6,1.42,20.89,4.59,2.12,3
103.08,1.77,4.46,73.45,182.12,8100.43,6.1,23.63,68.65,0.72,1385.63,0.82,0.51,0.59,0.21,0.35,2.16,19.99,4.14,1.07,8
90.43,2.81,0.78,205.11,36.96,7183.06,151.91,6.12,105.46,1.57,417.88,0.72,0.23,0.4,0.16,0.24,1.95,11.59,2.56,1.21,4
6.59,3.31,1.09,3.62,7.8,184.91,1.86,4.98,47.16,0.88,708.39,0.94,0.09,0.88,0.65,0.05,0.4,5.0,0.39,0.21,3
14.59,3.98,6.09,36.99,60.76,1744.93,2.87,33.71,28.02,1.72,54.33,0.28,0.06,0.4,0.4,1.26,1.57,22.55,1.03,2.11,5
3.34,2.19,0.89,25.59,131.44,2333.3,9.95,20.47,22.95,1.85,171.0,0.36,1.83,0.67,0.3,0.94,0.37,10.58,4.05,0.96,3
5.44,2.15,1.58,33.36,107.82,915.8,3.73,24.82,58.94,0.41,334.45,0.84,0.52,0.66,0.79,0.09,0.02,15.47,0.91,0.79,4
4.75,2.15,1.09,54.69,76.47,2109.88,22.51,22.54,31.55,1.66,1172.97,0.66,0.54,0.95,0.57,0.7,1.91,20.72,2.4,1.0,4
15.84,1.67,4.1,67.6,52.64,4242.21,109.06,52.11,108.58,0.94,766.99,0.44,0.76,0.03,0.21,0.39,0.18,27.48,13.5,1.35,6
7.92,3.25,0.2,37.08,5.13,4590.13,345.1,31.94,1.86,0.43,370.65,0.47,0.04,0.82,0.71,0.01,0.06,4.97,1.57,1.1,4
123.78,2.17,13.89,58.27,181.13,4024.92,31.77,30.37,64.08,1.99,278.31,0.76,1.15,0.18,0.09,0.28,0.72,7.91,1.4,1.26,6
5.44,2.15,1.58,33.36,107.82,915.8,3.73,24.82,58.94,0.41,334.45,0.84,0.52,0.66,0.79,0.09,0.02,15.47,0.91,0.79,4
53.17,3.05,0.34,52.58,136.26,5437.93,4.8,7.65,22.53,1.63,1348.08,0.09,1.66,0.52,0.42,0.88,2.0,5.21,2.33,0.83,6
53.17,3.05,0.34,52.58,136.26,5437.93,4.8,7.65,22.53,1.63,1348.08,0.09,1.66,0.52,0.42,0.88,2.0,5.21,2.33,0.83,6
99.78,1.8,3.36,38.62,126.11,8820.31,38.24,40.46,87.9,0.91,820.21,0.44,0.57,0.6,0.12,0.16,0.31,22.33,5.9,1.0,8
4.94,2.31,0.01,132.5,21.89,980.08,11.85,7.05,10.07,0.03,335.61,0.89,0.06,0.58,0.78,0.0,0.0,9.59,0.89,0.12,2
111.91,1.74,4.04,88.24,253.0,9276.04,40.2,42.9,124.98,0.89,1593.3,0.86,0.6,0.22,0.08,0.19,0.36,26.22,6.79,1.44,12
23.79,1.25,1.31,95.32,43.08,735.45,95.09,10.38,85.43,1.84,874.02,0.51,0.6,0.29,0.2,0.31,2.19,0.73,1.42,1.05,5
15.4,1.93,2.56,11.9,92.76,3261.97,20.04,15.34,124.57,0.79,825.18,0.92,1.53,0.59,0.28,0.19,0.51,17.63,4.29,1.34,7
62.15,2.45,3.86,62.08,125.24,4450.72,16.19,25.06,112.42,0.49,1255.54,0.85,0.6,0.71,0.37,0.14,0.29,19.03,6.09,0.82,8
85.64,3.13,0.25,21.81,39.69,267.87,11.74,8.9,21.6,1.2,1487.29,0.69,0.44,0.88,0.38,0.0,0.18,6.25,1.84,0.85,4
15.72,3.3,1.42,28.79,90.56,895.27,5.27,24.16,44.45,0.57,415.47,0.72,0.47,0.38,0.56,0.04,1.83,14.14,3.27,1.05,4
96.14,2.88,1.42,29.56,24.79,8932.28,30.4,24.9,118.67,0.62,1094.98,0.98,0.72,0.54,0.1,0.62,0.45,10.97,2.56,1.29,6
53.17,3.05,0.34,52.58,136.26,5437.93,4.8,7.65,22.53,1.63,1348.08,0.09,1.66,0.52,0.42,0.88,2.0,5.21,2.33,0.83,6
4.75,2.15,1.09,54.69,76.47,2109.88,22.51,22.54,31.55,1.66,1172.97,0.66,0.54,0.95,0.57,0.7,1.91,20.72,2.4,1.0,4
63.29,1.77,1.86,14.4,42.18,149.15,3.78,25.02,12.39,1.25,947.23,0.68,0.8,0.08,0.23,0.08,0.3,11.95,2.48,0.78,7
56.34,1.47,1.63,57.75,134.48,2254.16,199.18,24.8,83.65,0.96,420.34,0.83,1.36,0.07,0.23,0.2,0.0,6.73,3.64,1.12,6
7.92,3.25,0.2,37.08,5.13,4590.13,345.1,31.94,1.86,0.43,370.65,0.47,0.04,0.82,0.71,0.01,0.06,4.97,1.57,1.1,4
23.79,1.25,1.31,95.32,43.08,735.45,95.09,10.38,85.43,1.84,874.02,0.51,0.6,0.29,0.2,0.31,2.19,0.73,1.42,1.05,5
62.63,2.19,0.25,102.4,64.04,738.75,36.79,17.4,17.42,1.19,966.84,0.71,0.09,0.77,0.52,0.69,1.76,23.2,2.18,0.87,4
63.29,1.77,1.86,14.4,42.18,149.15,3.78,25.02,12.39,1.25,947.23,0.68,0.8,0.08,0.23,0.08,0.3,11.95,2.48,0.78,7
70.12,1.93,3.99,67.29,232.96,2456.02,27.16,37.34,50.13,1.28,307.02,0.86,0.6,0.37,0.3,0.74,0.41,39.75,6.08,1.14,8
91.66,2.91,3.89,58.36,108.39,3431.52,16.44,36.47,114.47,1.27,277.43,0.46,0.6,0.24,0.1,0.68,0.86,12.97,5.8,1.36,6
4.94,2.31,0.01,132.5,21.89,980.08,11.85,7.05,10.07,0.03,335.61,0.89,0.06,0.58,0.78,0.0,0.0,9.59,0.89,0.12,2
88.67,2.88,3.63,79.44,228.58,2761.32,21.89,31.88,70.25,0.95,1259.89,0.67,0.63,0.3,0.13,0.64,0.33,24.0,6.57,1.57,8
72.98,1.84,2.53,50.21,71.51,2223.05,32.81,14.51,40.91,1.01,577.37,0.17,1.61,0.04,0.23,0.17,0.91,20.79,6.75,1.28,5
49.55,1.59,2.75,43.93,157.02,5908.58,21.05,6.21,33.66,1.58,1186.28,0.85,0.54,0.18,0.32,0.03,0.27,18.15,3.65,1.16,7
37.69,2.82,4.37,63.48,166.21,6751.85,97.73,28.31,108.57,0.79,1508.97,0.83,0.96,0.69,0.15,0.19,0.84,7.95,0.86,1.43,7
117.71,1.43,10.01,8.04,75.42,2617.95,3.03,24.31,28.76,0.06,311.54,0.62,0.81,0.36,0.65,0.0,0.53,9.53,1.25,0.58,4
95.16,2.67,1.3,83.17,173.42,7647.67,21.35,18.8,47.51,0.86,1079.36,0.86,0.34,0.45,0.19,0.31,1.01,10.12,5.39,1.03,8
7.92,3.25,0.2,37.08,5.13,4590.13,345.1,31.94,1.86,0.43,370.65,0.47,0.04,0.82,0.71,0.01,0.06,4.97,1.57,1.1,4
48.81,2.1,0.68,24.97,48.58,2748.88,19.41,4.79,39.09,1.19,373.78,0.76,0.77,0.66,0.37,0.38,1.65,10.57,4.13,1.15,9
107.23,2.33,3.91,91.16,85.63,7484.97,143.27,23.5,35.52,1.07,191.61,0.56,0.64,0.52,0.23,1.56,0.35,22.57,3.78,0.85,7
58.62,1.72,2.72,26.49,46.28,1029.58,3.37,14.4,9.57,1.74,321.78,0.49,0.54,0.88,0.21,0.71,1.34,7.58,2.47,0.92,3
57.53,3.06,2.93,92.6,59.8,5805.39,8.77,25.37,43.11,0.82,247.63,0.69,0.57,0.32,0.26,0.89,3.97,8.7,5.76,0.8,5
52.35,1.38,13.4,74.71,139.46,8372.04,9.36,31.19,40.85,1.28,544.37,0.53,1.47,0.62,0.1,0.26,0.89,10.36,1.94,0.85,6
37.69,2.82,4.37,63.48,166.21,6751.85,97.73,28.31,108.57,0.79,1508.97,0.83,0.96,0.69,0.15,0.19,0.84,7.95,0.86,1.43,7
115.76,1.56,1.78,97.15,34.13,8339.98,31.42,31.34,58.43,1.05,622.99,0.73,2.29,0.02,0.29,0.26,0.44,12.42,6.94,1.28,6
99.78,1.8,3.36,38.62,126.11,8820.31,38.24,40.46,87.9,0.91,820.21,0.44,0.57,0.6,0.12,0.16,0.31,22.33,5.9,1.0,8
47.17,2.89,6.51,26.07,117.03,2572.57,9.52,19.69,8.67,1.25,296.31,0.74,0.27,0.84,0.36,0.42,4.13,5.82,5.07,0.89,3
62.15,2.45,3.86,62.08,125.24,4450.72,16.19,25.06,112.42,0.49,1255.54,0.85,0.6,0.71,0.37,0.14,0.29,19.03,6.09,0.82,8
103.08,1.77,4.46,73.45,182.12,8100.43,6.1,23.63,68.65,0.72,1385.63,0.82,0.51,0.59,0.21,0.35,2.16,19.99,4.14,1.07,8
94.12,1.96,2.17,75.33,118.1,9010.6,34.04,41.03,78.17,0.42,1141.07,0.9,0.44,0.46,0.44,0.18,0.21,10.53,1.53,1.27,8
9.82,3.8,2.88,51.44,5.94,61.51,33.05,3.93,1.98,0.86,91.43,0.82,0.99,0.76,0.43,0.38,0.65,4.28,2.06,0.46,4
9.28,3.36,1.33,21.78,165.15,3391.15,30.11,10.21,40.03,0.39,143.02,0.92,0.12,0.92,0.34,1.24,1.91,12.34,4.07,0.82,5
3.34,2.19,0.89,25.59,131.44,2333.3,9.95,20.47,22.95,1.85,171.0,0.36,1.83,0.67,0.3,0.94,0.37,10.58,4.05,0.96,3
95.16,2.67,1.3,83.17,173.42,7647.67,21.35,18.8,47.51,0.86,1079.36,0.86,0.34,0.45,0.19,0.31,1.01,10.12,5.39,1.03,8
4.75,2.15,1.09,54.69,76.47,2109.88,22.51,22.54,31.55,1.66,1172.97,0.66,0.54,0.95,0.57,0.7,1.91,20.72,2.4,1.0,4
15.24,1.9,4.19,80.69,121.8,2690.57,16.95,17.99,68.91,1.32,979.46,0.46,0.37,0.29,0.14,2.49,1.2,18.73,6.77,1.29,7
66.87,1.86,2.0,3.43,27.07,969.85,2.26,9.01,9.16,1.52,351.67,0.06,0.14,0.49,0.35,0.16,3.56,10.91,2.83,0.9,3
30.79,1.95,1.4,374.41,54.03,1522.55,239.08,8.2,46.84,0.83,430.97,0.14,0.04,0.05,0.42,0.01,0.03,7.33,1.7,0.98,4
4.1,3.83,1.77,54.24,69.31,4489.5,2.79,7.54,4.29,1.8,563.67,0.73,0.47,0.76,0.5,0.88,0.54,7.23,3.08,0.79,3
11.72,3.46,1.17,19.17,43.4,1762.3,10.93,16.41,47.75,1.88,90.19,0.28,0.06,0.9,0.32,0.38,2.3,11.98,2.7,0.63,3
123.78,2.17,13.89,58.27,181.13,4024.92,31.77,30.37,64.08,1.99,278.31,0.76,1.15,0.18,0.09,0.28,0.72,7.91,1.4,1.26,6
117.71,1.43,10.01,8.04,75.42,2617.95,3.03,24.31,28.76,0.06,311.54,0.62,0.81,0.36,0.65,0.0,0.53,9.53,1.25,0.58,4
63.29,1.77,1.86,14.4,42.18,149.15,3.78,25.02,12.39,1.25,947.23,0.68,0.8,0.08,0.23,0.08,0.3,11.95,2.48,0.78,7
92.21,1.72,6.55,67.54,82.33,8369.91,24.52,38.56,51.76,0.89,1481.06,0.38,0.61,0.19,0.1,0.02,0.03,21.48,3.68,1.32,7
5.44,2.15,1.58,33.36,107.82,915.8,3.73,24.82,58.94,0.41,334.45,0.84,0.52,0.66,0.79,0.09,0.02,15.47,0.91,0.79,4
13.2,3.29,0.0,30.75,8.63,26.23,37.03,3.4,11.87,1.47,67.64,0.41,0.0,0.16,0.62,0.5,0.97,5.85,1.0,0.77,1
49.55,1.59,2.75,43.93,157.02,5908.58,21.05,6.21,33.66,1.58,1186.28,0.85,0.54,0.18,0.32,0.03,0.27,18.15,3.65,1.16,7
11.72,3.46,1.17,19.17,43.4,1762.3,10.93,16.41,47.75,1.88,90.19,0.28,0.06,0.9,0.32,0.38,2.3,11.98,2.7,0.63,3
63.29,1.77,1.86,14.4,42.18,149.15,3.78,25.02,12.39,1.25,947.23,0.68,0.8,0.08,0.23,0.08,0.3,11.95,2.48,0.78,7
6.59,3.31,1.09,3.62,7.8,184.91,1.86,4.98,47.16,0.88,708.39,0.94,0.09,0.88,0.65,0.05,0.4,5.0,0.39,0.21,3
94.0,1.83,5.63,95.14,84.34,5357.82,272.89,37.26,57.58,1.28,804.57,0.8,0.26,0.06,0.2,0.73,0.49,22.97,5.66,1.34,8
33.2,2.82,3.31,47.84,46.31,3038.34,201.76,21.15,25.77,1.31,1010.75,0.95,0.57,0.18,0.12,0.65,0.6,8.76,2.33,1.26,5
17.38,1.36,9.68,52.27,141.12,557.44,14.23,7.45,25.24,1.14,429.78,0.9,1.73,0.44,0.43,0.15,0.67,11.99,3.34,1.05,5
52.89,3.33,3.59,85.79,157.03,1147.46,39.04,23.85,92.94,1.23,442.4,0.82,0.56,0.3,0.25,0.54,1.74,14.07,4.45,1.0,6
9.82,3.8,2.88,51.44,5.94,61.51,33.05,3.93,1.98,0.86,91.43,0.82,0.99,0.76,0.43,0.38,0.65,4.28,2.06,0.46,4
88.67,2.88,3.63,79.44,228.58,2761.32,21.89,31.88,70.25,0.95,1259.89,0.67,0.63,0.3,0.13,0.64,0.33,24.0,6.57,1.57,8
30.07,1.39,10.37,255.49,36.73,1670.34,152.31,8.29,17.01,1.26,360.62,0.5,1.19,0.07,0.13,0.49,0.37,1.14,2.02,1.15,4
94.0,1.83,5.63,95.14,84.34,5357.82,272.89,37.26,57.58,1.28,804.57,0.8,0.26,0.06,0.2,0.73,0.49,22.97,5.66,1.34,8
52.89,3.33,3.59,85.79,157.03,1147.46,39.04,23.85,92.94,1.23,442.4,0.82,0.56,0.3,0.25,0.54,1.74,14.07,4.45,1.0,6
62.2,1.82,0.19,77.12,163.71,1208.75,1.81,15.45,108.58,0.8,1154.3,0.99,0.67,0.7,0.19,0.1,0.09,28.87,6.18,1.48,7
30.79,1.95,1.4,374.41,54.03,1522.55,239.08,8.2,46.84,0.83,430.97,0.14,0.04,0.05,0.42,0.01,0.03,7.33,1.7,0.98,4
3.34,2.19,0.89,25.59,131.44,2333.3,9.95,20.47,22.95,1.85,171.0,0.36,1.83,0.67,0.3,0.94,0.37,10.58,4.05,0.96,3
66.87,1.86,2.0,3.43,27.07,969.85,2.26,9.01,9.16,1.52,351.67,0.06,0.14,0.49,0.35,0.16,3.56,10.91,2.83,0.9,3
20.52,1.19,0.17,32.74,66.08,7873.02,24.88,6.59,40.79,0.91,458.13,0.92,2.12,0.91,0.65,0.0,0.0,13.39,1.94,0.93,6
4.1,3.83,1.77,54.24,69.31,4489.5,2.79,7.54,4.29,1.8,563.67,0.73,0.47,0.76,0.5,0.88,0.54,7.23,3.08,0.79,3
109.39,1.7,4.16,86.07,99.01,7915.17,13.2,23.04,24.14,1.32,1005.52,0.51,1.14,0.21,0.83,0.14,0.33,14.29,3.07,1.29,8
9.28,3.36,1.33,21.78,165.15,3391.15,30.11,10.21,40.03,0.39,143.02,0.92,0.12,0.92,0.34,1.24,1.91,12.34,4.07,0.82,5
9.28,3.36,1.33,21.78,165.15,3391.15,30.11,10.21,40.03,0.39,143.02,0.92,0.12,0.92,0.34,1.24,1.91,12.34,4.07,0.82,5
70.12,1.93,3.99,67.29,232.96,2456.02,27.16,37.34,50.13,1.28,307.02,0.86,0.6,0.37,0.3,0.74,0.41,39.75,6.08,1.14,8
118.85,2.22,12.32,65.43,28.88,4651.34,21.51,21.88,42.97,0.87,644.74,0.82,1.79,0.58,0.1,0.67,0.87,11.58,5.7,1.29,6
118.85,2.22,12.32,65.43,28.88,4651.34,21.51,21.88,42.97,0.87,644.74,0.82,1.79,0.58,0.1,0.67,0.87,11.58,5.7,1.29,6
61.13,1.53,3.19,122.89,97.34,3092.89,155.15,18.4,61.46,0.94,1459.23,0.62,0.11,0.14,0.08,0.04,0.22,8.83,1.3,1.12,9
62.15,2.45,3.86,62.08,125.24,4450.72,16.19,25.06,112.42,0.49,1255.54,0.85,0.6,0.71,0.37,0.14,0.29,19.03,6.09,0.82,8
117.71,1.43,10.01,8.04,75.42,2617.95,3.03,24.31,28.76,0.06,311.54,0.62,0.81,0.36,0.65,0.0,0.53,9.53,1.25,0.58,4
94.0,1.83,5.63,95.14,84.34,5357.82,272.89,37.26,57.58,1.28,804.57,0.8,0.26,0.06,0.2,0.73,0.49,22.97,5.66,1.34,8
115.76,1.56,1.78,97.15,34.13,8339.98,31.42,31.34,58.43,1.05,622.99,0.73,2.29,0.02,0.29,0.26,0.44,12.42,6.94,1.28,6
6.59,3.31,1.09,3.62,7.8,184.91,1.86,4.98,47.16,0.88,708.39,0.94,0.09,0.88,0.65,0.05,0.4,5.0,0.39,0.21,3
33.2,2.82,3.31,47.84,46.31,3038.34,201.76,21.15,25.77,1.31,1010.75,0.95,0.57,0.18,0.12,0.65,0.6,8.76,2.33,1.26,5
62.09,1.21,2.32,11.35,120.5,752.38,5.67,37.46,39.03,0.86,1578.41,0.89,0.38,0.18,0.14,0.03,0.22,23.08,6.93,1.35,7
62.15,2.45,3.86,62.08,125.24,4450.72,16.19,25.06,112.42,0.49,1255.54,0.85,0.6,0.71,0.37,0.14,0.29,19.03,6.09,0.82,8
4.75,2.15,1.09,54.69,76.47,2109.88,22.51,22.54,31.55,1.66,1172.97,0.66,0.54,0.95,0.57,0.7,1.91,20.72,2.4,1.0,4
123.78,2.17,13.89,58.27,181.13,4024.92,31.77,30.37,64.08,1.99,278.31,0.76,1.15,0.18,0.09,0.28,0.72,7.91,1.4,1.26,6
70.12,1.93,3.99,67.29,232.96,2456.02,27.16,37.34,50.13,1.28,307.02,0.86,0.6,0.37,0.3,0.74,0.41,39.75,6.08,1.14,8
23.63,3.51,0.33,79.61,193.66,3563.96,31.91,33.42,87.34,1.51,1168.24,0.36,0.36,0.23,0.15,2.27,2.78,5.9,2.3,0.67,6
94.12,1.96,2.17,75.33,118.1,9010.6,34.04,41.03,78.17,0.42,1141.07,0.9,0.44,0.46,0.44,0.18,0.21,10.53,1.53,1.27,8
24.3,1.0,0.0,260.42,88.45,319.21,233.79,20.71,13.7,0.94,191.36,0.96,1.41,0.0,0.19,0.0,0.0,32.68,5.22,2.59,5
41.36,1.98,1.02,75.34,180.8,8858.78,26.02,19.38,55.88,1.15,277.16,0.83,0.37,0.28,0.43,0.11,0.37,22.93,4.94,1.41,7
99.78,1.8,3.36,38.62,126.11,8820.31,38.24,40.46,87.9,0.91,820.21,0.44,0.57,0.6,0.12,0.16,0.31,22.33,5.9,1.0,8
21.43,2.89,1.12,48.59,36.71,4191.68,163.17,9.1,48.42,0.78,200.56,0.81,0.61,0.66,0.17,0.52,6.96,5.74,1.94,0.99,3
99.37,1.78,4.27,34.31,196.24,5619.99,18.99,31.84,86.98,0.98,553.59,0.16,0.54,0.41,0.33,0.28,0.7,27.02,4.66,0.72,7
61.13,1.53,3.19,122.89,97.34,3092.89,155.15,18.4,61.46,0.94,1459.23,0.62,0.11,0.14,0.08,0.04,0.22,8.83,1.3,1.12,9
61.13,1.53,3.19,122.89,97.34,3092.89,155.15,18.4,61.46,0.94,1459.23,0.62,0.11,0.14,0.08,0.04,0.22,8.83,1.3,1.12,9
7.92,3.25,0.2,37.08,5.13,4590.13,345.1,31.94,1.86,0.43,370.65,0.47,0.04,0.82,0.71,0.01,0.06,4.97,1.57,1.1,4
85.64,3.13,0.25,21.81,39.69,267.87,11.74,8.9,21.6,1.2,1487.29,0.69,0.44,0.88,0.38,0.0,0.18,6.25,1.84,0.85,4
4.94,2.31,0.01,132.5,21.89,980.08,11.85,7.05,10.07,0.03,335.61,0.89,0.06,0.58,0.78,0.0,0.0,9.59,0.89,0.12,2
90.43,2.81,0.78,205.11,36.96,7183.06,151.91,6.12,105.46,1.57,417.88,0.72,0.23,0.4,0.16,0.24,1.95,11.59,2.56,1.21,4
9.28,3.36,1.33,21.78,165.15,3391.15,30.11,10.21,40.03,0.39,143.02,0.92,0.12,0.92,0.34,1.24,1.91,12.34,4.07,0.82,5
31.4,2.84,0.12,63.76,192.8,8745.24,26.04,35.34,74.34,0.88,837.2,0.73,2.8,0.25,0.09,0.74,0.5,24.14,10.81,1.49,12
41.36,1.98,1.02,75.34,180.8,8858.78,26.02,19.38,55.88,1.15,277.16,0.83,0.37,0.28,0.43,0.11,0.37,22.93,4.94,1.41,7
70.12,1.93,3.99,67.29,232.96,2456.02,27.16,37.34,50.13,1.28,307.02,0.86,0.6,0.37,0.3,0.74,0.41,39.75,6.08,1.14,8
58.62,1.72,2.72,26.49,46.28,1029.58,3.37,14.4,9.57,1.74,321.78,0.49,0.54,0.88,0.21,0.71,1.34,7.58,2.47,0.92,3
7.92,3.25,0.2,37.08,5.13,4590.13,345.1,31.94,1.86,0.43,370.65,0.47,0.04,0.82,0.71,0.01,0.06,4.97,1.57,1.1,4
26.23,2.11,0.0,173.98,52.83,314.82,139.97,5.25,22.49,1.95,141.02,0.77,0.0,0.21,0.24,0.15,0.46,1.03,1.0,0.91,3
105.79,2.73,0.49,79.85,180.58,8223.36,38.68,15.5,16.95,0.64,654.34,0.89,0.71,0.77,0.13,0.71,0.74,19.69,6.11,1.48,6
115.76,1.56,1.78,97.15,34.13,8339.98,31.42,31.34,58.43,1.05,622.99,0.73,2.29,0.02,0.29,0.26,0.44,12.42,6.94,1.28,6
24.8,2.01,6.17,127.16,84.6,574.8,17.81,9.91,43.44,0.97,233.01,0.32,0.94,0.39,0.21,0.17,2.8,18.47,3.62,0.94,5
5.44,2.15,1.58,33.36,107.82,915.8,3.73,24.82,58.94,0.41,334.45,0.84,0.52,0.66,0.79,0.09,0.02,15.47,0.91,0.79,4
99.78,1.8,3.36,38.62,126.11,8820.31,38.24,40.46,87.9,0.91,820.21,0.44,0.57,0.6,0.12,0.16,0.31,22.33,5.9,1.0,8
47.85,2.85,2.49,16.77,89.52,5756.11,51.07,31.54,4.1,0.66,131.81,0.69,0.82,0.65,0.77,0.1,0.08,8.19,3.64,0.98,5
82.01,2.26,2.65,41.95,187.31,2077.46,27.51,19.05,88.5,1.4,1547.85,0.59,1.09,0.31,0.18,0.21,0.41,10.3,3.33,1.3,8
5.44,2.15,1.58,33.36,107.82,915.8,3.73,24.82,58.94,0.41,334.45,0.84,0.52,0.66,0.79,0.09,0.02,15.47,0.91,0.79,4
41.24,1.6,2.89,69.28,79.83,2051.58,26.23,24.64,55.45,0.85,250.62,0.96,2.59,0.17,0.15,0.67,0.98,11.57,2.12,1.11,6
52.89,3.33,3.59,85.79,157.03,1147.46,39.04,23.85,92.94,1.23,442.4,0.82,0.56,0.3,0.25,0.54,1.74,14.07,4.45,1.0,6
19.75,1.95,2.81,21.8,165.6,1147.05,11.64,6.57,14.05,0.78,399.55,0.83,2.77,0.3,0.58,0.6,1.42,20.89,4.59,2.12,3
65.46,2.52,0.32,11.42,31.83,2922.24,21.73,9.61,48.71,1.95,494.84,0.83,0.19,0.29,0.38,0.24,0.13,23.65,3.64,1.8,3
30.79,1.95,1.4,374.41,54.03,1522.55,239.08,8.2,46.84,0.83,430.97,0.14,0.04,0.05,0.42,0.01,0.03,7.33,1.7,0.98,4
76.97,1.71,0.48,17.21,87.49,3194.9,17.85,34.23,104.53,1.02,1194.38,0.75,0.58,0.03,0.57,0.01,0.14,132.94,4.71,1.73,6
103.08,1.77,4.46,73.45,182.12,8100.43,6.1,23.63,68.65,0.72,1385.63,0.82,0.51,0.59,0.21,0.35,2.16,19.99,4.14,1.07,8
123.78,2.17,13.89,58.27,181.13,4024.92,31.77,30.37,64.08,1.99,278.31,0.76,1.15,0.18,0.09,0.28,0.72,7.91,1.4,1.26,6
90.43,2.81,0.78,205.11,36.96,7183.06,151.91,6.12,105.46,1.57,417.88,0.72,0.23,0.4,0.16,0.24,1.95,11.59,2.56,1.21,4
15.24,1.9,4.19,80.69,121.8,2690.57,16.95,17.99,68.91,1.32,979.46,0.46,0.37,0.29,0.14,2.49,1.2,18.73,6.77,1.29,7
76.16,2.86,0.19,37.94,17.27,1247.16,134.44,31.79,26.78,0.43,377.87,0.47,0.9,0.17,0.69,0.0,0.04,9.26,1.89,1.14,4
24.91,1.57,0.73,210.09,30.8,1046.98,371.09,13.4,21.41,1.59,1278.86,0.61,0.33,0.17,0.14,0.13,0.26,6.95,1.01,1.0,5
15.72,3.3,1.42,28.79,90.56,895.27,5.27,24.16,44.45,0.57,415.47,0.72,0.47,0.38,0.56,0.04,1.83,14.14,3.27,1.05,4
90.43,2.81,0.78,205.11,36.96,7183.06,151.91,6.12,105.46,1.57,417.88,0.72,0.23,0.4,0.16,0.24,1.95,11.59,2.56,1.21,4
41.36,1.98,1.02,75.34,180.8,8858.78,26.02,19.38,55.88,1.15,277.16,0.83,0.37,0.28,0.43,0.11,0.37,22.93,4.94,1.41,7
52.35,1.38,13.4,74.71,139.46,8372.04,9.36,31.19,40.85,1.28,544.37,0.53,1.47,0.62,0.1,0.26,0.89,10.36,1.94,0.85,6
62.63,2.19,0.25,102.4,64.04,738.75,36.79,17.4,17.42,1.19,966.84,0.71,0.09,0.77,0.52,0.69,1.76,23.2,2.18,0.87,4
23.79,1.25,1.31,95.32,43.08,735.45,95.09,10.38,85.43,1.84,874.02,0.51,0.6,0.29,0.2,0.31,2.19,0.73,1.42,1.05,5
3.34,2.19,0.89,25.59,131.44,2333.3,9.95,20.47,22.95,1.85,171.0,0.36,1.83,0.67,0.3,0.94,0.37,10.58,4.05,0.96,3
99.78,1.8,3.36,38.62,126.11,8820.31,38.24,40.46,87.9,0.91,820.21,0.44,0.57,0.6,0.12,0.16,0.31,22.33,5.9,1.0,8
95.16,2.67,1.3,83.17,173.42,7647.67,21.35,18.8,47.51,0.86,1079.36,0.86,0.34,0.45,0.19,0.31,1.01,10.12,5.39,1.03,8
30.79,1.95,1.4,374.41,54.03,1522.55,239.08,8.2,46.84,0.83,430.97,0.14,0.04,0.05,0.42,0.01,0.03,7.33,1.7,0.98,4
109.05,1.16,2.62,86.68,241.36,2855.73,25.2,40.25,86.16,1.23,1319.93,0.36,0.04,0.06,0.12,0.12,0.19,8.44,5.35,0.99,7
73.3,1.93,1.28,20.21,154.97,8552.11,6.93,31.45,43.12,0.77,362.47,0.97,0.49,0.46,0.31,0.27,1.88,25.28,4.37,1.41,7
95.16,2.67,1.3,83.17,173.42,7647.67,21.35,18.8,47.51,0.86,1079.36,0.86,0.34,0.45,0.19,0.31,1.01,10.12,5.39,1.03,8
88.67,2.88,3.63,79.44,228.58,2761.32,21.89,31.88,70.25,0.95,1259.89,0.67,0.63,0.3,0.13,0.64,0.33,24.0,6.57,1.57,8
94.12,1.96,2.17,75.33,118.1,9010.6,34.04,41.03,78.17,0.42,1141.07,0.9,0.44,0.46,0.44,0.18,0.21,10.53,1.53,1.27,8
103.08,1.77,4.46,73.45,182.12,8100.43,6.1,23.63,68.65,0.72,1385.63,0.82,0.51,0.59,0.21,0.35,2.16,19.99,4.14,1.07,8
56.34,1.47,1.63,57.75,134.48,2254.16,199.18,24.8,83.65,0.96,420.34,0.83,1.36,0.07,0.23,0.2,0.0,6.73,3.64,1.12,6
61.13,1.53,3.19,122.89,97.34,3092.89,155.15,18.4,61.46,0.94,1459.23,0.62,0.11,0.14,0.08,0.04,0.22,8.83,1.3,1.12,9
23.79,1.25,1.31,95.32,43.08,735.45,95.09,10.38,85.43,1.84,874.02,0.51,0.6,0.29,0.2,0.31,2.19,0.73,1.42,1.05,5
70.12,1.93,3.99,67.29,232.96,2456.02,27.16,37.34,50.13,1.28,307.02,0.86,0.6,0.37,0.3,0.74,0.41,39.75,6.08,1.14,8
6,2,0,2,9,9,1,1,6,0.2,41,1,0,0.5,0.5,0,0,5.666666667,2,0.8333,0
2,1,0,5,2,1,5,0,2,2,2,0,0,0,1,0,0,0,1,1,0
2,1,0,4,4,1,1,3,2,2,9,0,0,0,1,0,0,3.5,1,0.5,0
9,1,0,6,34,10,1,5,8,0.5,185,0.666666667,0,0,0.333333333,0,0,19.22222222,4,1.8889,0
5,2,1,5,8,8,3,2,4,0.75,29,1,0,0.769230769,0.583333333,0,0,4.6,1,0.6,0
3,5,0,2,6,3,1,1,3,2,16,0,0,1,0.777777778,0,0,4.333333333,0,0,0
1,1,0,2,3,0,1,1,1,2,7,0,0,1,1,0,0,6,0,0,0
10,2,0,11,24,1,1,10,6,0.638888889,126,1,3,0.619047619,0.277777778,1,1,11.2,2,0.9,0
20,3,0,13,69,128,5,10,14,0.719298246,425,1,1,0.68627451,0.190789474,2,5,20.1,4,1.45,0
3,1,0,5,5,0,1,4,3,0,24,1,0,0,1,0,0,6.666666667,1,0.6667,0
8,6,0,13,37,18,1,13,6,0.619047619,161,1,1,0.85106383,0.25,0,0,18.75,1,0.875,0
20,2,0,10,24,178,4,8,16,0.789473684,114,1,1,0.690909091,0.221428571,1,3,4.65,1,0.85,0
26,1,0,16,53,235,3,15,24,0.915,182,1,1,0,0.158119658,0,0,5.692307692,2,1,0
9,3,0,9,20,26,1,9,6,0.84375,81,0.75,0,0.85,0.325,1,1,7.555555556,2,0.7778,0
1,1,0,0,1,0,0,0,1,2,1,0,0,0,1,0,0,0,1,1,0
6,1,0,5,27,1,1,4,5,0.666666667,163,1,1,0,0.36,0,0,25.66666667,15,3,0
17,3,0,9,36,80,3,8,16,0.1875,187,1,0,0.7,0.245098039,2,9,9.941176471,5,1.3529,0
1,1,0,6,1,0,6,0,1,2,1,0,0,0,1,0,0,0,1,1,0
10,1,0,9,20,41,0,9,7,0.666666667,96,1,1,0,0.314285714,0,0,8.4,2,1.1,0
19,3,0,31,83,99,5,31,10,0.814814815,500,0.888888889,5,0.540540541,0.212962963,1,1,24.84210526,9,1.5263,0
11,1,0,12,43,49,1,11,1,0.7,197,1,0,0.470588235,0.4,1,4,16.81818182,9,1.6364,0
9,0,2,16,44,36,2,14,2,2,217,0,0,0,0.37037037,0,0,23.11111111,2,1,0
4,2,0,4,7,4,3,1,2,0.916666667,56,0.25,4,0.857142857,0.444444444,1,1,12,1,0.5,0
7,0,0,9,22,21,1,8,1,2,137,0,0,0,0.5,0,0,18.57142857,9,2.2857,0
7,4,0,2,13,0,1,1,7,0.583333333,108,1,1,0.85,0.571428571,0,0,14.14285714,3,2,0
1,6,0,3,6,0,1,2,1,2,13,0,0,1,1,0,0,12,0,0,0
18,3,0,4,35,111,0,4,16,0.81372549,200,1,0,0.75,0.311111111,1,2,9.777777778,5,1.2778,0
3,1,0,3,5,0,2,1,3,0,17,1,1,0,0.666666667,0,0,4.333333333,1,0.6667,0
1,4,1,5,2,0,2,4,1,2,11,0.5,1,1,1,0,0,8,0,0,0
2,2,0,3,4,1,0,3,2,2,11,0,0,1,0.833333333,0,0,4.5,0,0,0
5,3,0,6,9,8,1,6,4,0.75,36,1,0,0.894736842,0.4,1,1,6,1,0.8,0
4,1,0,8,18,6,5,4,3,2,62,0,0,0,0.458333333,0,0,14.5,3,1.25,0
10,4,0,6,27,5,1,5,8,0.527777778,168,1,2,0.740740741,0.25,2,2,15.4,3,1.1,0
6,2,6,11,14,7,6,5,5,0.6,49,1,2,0.722222222,0.375,0,0,6.833333333,2,1,0
2,4,0,5,7,1,2,3,1,2,24,0,0,0.952380952,0.666666667,1,1,11,1,0.5,0
6,0,0,20,55,7,2,18,3,0.6,323,0.5,0,0,0.457142857,0,0,52.5,4,1.6667,0
7,1,0,10,25,11,8,2,6,0.75,166,1,0,0,0.5,0,0,21.85714286,1,0.5714,0
20,2,0,8,30,144,2,8,20,0.879699248,148,1,0,0.575,0.20625,0,0,6.05,2,0.95,0
6,4,0,6,12,15,0,6,5,2,45,0,0,0.978494624,0.3,0,0,6.5,1,0.3333,0
3,5,2,6,6,3,5,1,3,1.5,17,1,0,1,0.777777778,0,0,4.333333333,0,0,0
14,3,0,21,43,59,9,13,13,0.641025641,208,1,1,0.925925926,0.261538462,1,2,13.64285714,3,1.1429,0
6,2,0,4,17,0,0,4,4,0,80,1,0,0.722222222,0.444444444,1,1,12.16666667,3,1.1667,0
1,1,0,3,1,0,3,0,1,2,1,0,0,0,1,0,0,0,1,1,0
17,3,0,9,35,100,2,8,11,0.822916667,180,1,3,0.567567568,0.227941176,1,1,9.235294118,3,1.2353,0
8,2,0,11,14,22,3,10,8,0.285714286,57,1,0,0.821428571,0.303571429,0,0,6,1,0.625,0
2,3,0,7,6,1,0,7,1,2,19,0,0,0.971428571,0.666666667,1,1,8.5,1,0.5,0
3,4,0,8,15,3,0,8,1,2,49,0,0,0.948717949,0.666666667,2,2,15.33333333,1,0.6667,0
4,2,0,1,6,0,0,1,4,0.333333333,22,1,0,0.666666667,0.583333333,0,0,4.25,1,0.5,0
6,1,0,10,26,15,1,9,1,2,112,0,0,0.545454545,0.541666667,1,2,17.66666667,4,1.6667,0
3,2,0,13,17,3,0,13,3,1,70,1,2,0.75,0.666666667,0,0,21.33333333,3,2,0
0,1,0,1,0,0,1,0,0,2,0,0,0,0,0,0,0,0,0,0,0
2,1,0,3,3,1,2,1,2,2,6,0,0,0,0.75,0,0,2,1,0.5,0
1,1,0,30,1,0,30,0,1,2,1,0,0,0,1,0,0,0,1,1,0
1,1,0,0,1,0,0,0,1,2,1,0,0,0,1,0,0,0,1,1,0
3,1,0,4,7,0,1,3,3,0,31,1,0,0,0.583333333,0,0,9,1,0.6667,0
2,1,0,2,2,1,2,0,2,2,2,0,0,0,1,0,0,0,1,1,0
1,4,0,2,2,0,1,1,1,2,5,0,0,1,1,0,0,4,0,0,0
3,1,0,7,13,0,1,6,2,0.5,72,1,0,0,0.6,0,0,22.33333333,6,2,0
6,1,0,24,65,7,1,24,5,0.6,342,1,1,0,0.4,0,0,55.66666667,13,4.1667,0
2,1,0,5,5,1,1,4,1,2,23,0,0,0,0.5,0,0,10.5,3,1.5,0
10,1,0,3,16,27,1,2,10,0.666666667,69,1,1,0,0.425,0,0,5.6,1,0.7,0
7,1,2,4,8,11,2,2,7,0.777777778,37,1,1,0,0.357142857,0,0,3.857142857,1,0.8571,0
2,1,0,6,6,0,1,5,2,0,31,1,0,0,0.625,0,0,14,1,0.5,0
3,1,0,3,8,0,1,2,3,0.5,29,0,0,0,0.666666667,0,0,8,1,0.6667,0
2,1,0,2,3,1,0,2,2,2,7,0,0,0,0.75,0,0,2.5,1,0.5,0
3,3,2,5,9,3,3,3,2,2,28,0,0,0.944444444,0.777777778,1,1,8.333333333,1,0.6667,0
9,1,0,11,56,36,4,9,3,2,268,0,0,0,0.272727273,0,0,28.77777778,3,1.1111,0
4,0,2,10,20,6,2,8,1,1.333333333,85,1,0,0,0.5,0,0,20,5,2,0
4,1,0,2,5,0,2,0,4,0.333333333,21,1,0,0,0.75,0,0,4,1,0.5,0
4,1,0,4,10,0,1,3,4,0,37,1,0,0,0.583333333,0,0,8,1,0.75,0
5,4,0,8,19,4,1,7,2,0.5,63,1,1,0.918918919,0.4,2,4,11.4,1,0.6,0
52,1,3,31,121,1214,6,28,45,0.786096257,737,1,2,0,0.106617647,0,0,12.96153846,7,1.0962,0
3,1,0,4,9,1,1,3,3,0,47,1,0,0,0.5,0,0,14.33333333,2,1,0
12,0,0,13,23,32,0,13,10,0.818181818,138,0.8,1,0,0.272727273,0,0,10.08333333,8,1.4167,0
4,3,0,5,6,0,1,4,3,0.333333333,21,1,0,0.75,0.5,1,1,4,1,0.75,0
21,2,0,14,25,198,8,7,16,0.8,119,1,1,0.678571429,0.217687075,1,3,4.619047619,1,0.8571,0
2,1,0,6,10,0,1,5,2,0,46,1,1,0,0.666666667,0,0,21.5,1,0.5,0
11,5,1,8,20,37,4,4,11,0.5,117,1,1,0.950617284,0.363636364,2,4,9.454545455,3,1.0909,0
3,1,0,5,7,3,0,5,3,2,19,0,0,0,0.533333333,0,0,5.333333333,1,0.6667,0
8,1,0,24,20,22,21,3,6,0.571428571,176,1,0,0,0.25,0,0,20.875,1,0.75,0
1,5,0,2,6,0,1,1,1,2,14,1,0,1,1,0,0,12,0,0,0
24,1,0,23,44,270,11,22,24,0.913043478,133,1,3,0,0.1625,0,0,4.416666667,1,0.9583,0
4,1,0,10,19,6,0,10,3,2,76,0,0,0,0.25,0,0,18,1,0.75,0
7,1,0,30,33,17,2,29,3,2,180,0,0,0.714285714,0.285714286,1,4,24.71428571,1,0.5714,0
2,0,0,5,8,1,1,4,2,2,50,0,0,0,0.75,0,0,24,1,0.5,0
26,1,15,42,51,279,32,10,21,0.792,326,1,3,0,0.205128205,0,0,11.34615385,3,1.1923,0
5,3,0,14,29,0,1,14,2,0.5,129,1,1,0.88,0.4375,1,1,24.4,5,1.4,0
3,4,0,3,5,3,0,3,3,2,12,0,0,0.987096774,0.666666667,1,2,3,1,0.6667,0
32,1,0,23,52,490,11,22,32,0.892473118,171,1,3,0,0.136363636,0,0,4.25,1,0.9688,0
3,1,0,4,9,0,1,3,3,0,27,1,1,0,0.555555556,0,0,7.666666667,1,0.6667,0
3,3,0,4,6,3,1,4,2,2,17,0,0,0.971428571,0.5,1,1,4.666666667,1,0.3333,0
3,1,0,16,3,3,14,2,3,2,3,0,0,0,0.666666667,0,0,0,1,1,0
5,2,0,7,14,2,2,6,3,0.625,60,1,0,0.555555556,0.44,1,2,10.6,1,0.8,0
7,1,0,9,14,11,3,6,7,0.444444444,61,1,2,0,0.4,0,0,7.285714286,1,0.5714,0
6,3,0,12,22,0,2,12,1,0.55,99,1,1,0.846153846,0.3,1,1,14.83333333,1,0.6667,0
18,1,0,20,18,153,12,17,18,2,18,0,0,0,0.238095238,0,0,0,1,1,0
5,3,0,8,17,0,1,7,4,0.416666667,82,1,1,0.913043478,0.5,0,0,14.8,1,0.4,0
22,1,0,163,22,231,163,1,22,2,22,0,0,0,0.25974026,0,0,0,1,1,0
9,1,0,9,28,12,3,9,7,0.65,224,1,4,0,0.275,0,0,23.33333333,4,1.3333,0
5,3,14,19,15,4,15,4,3,0.75,53,1,0,0.980392157,0.5,1,3,9.2,3,1.2,0
6,1,0,4,10,1,2,2,6,0.6,50,1,1,0,0.5,0,0,7,2,1.1667,0
1,1,0,0,1,0,0,0,1,2,1,0,0,0,1,0,0,0,1,1,0
2,3,0,5,4,1,1,4,1,2,9,0,0,0.9,0.75,1,1,3.5,1,0.5,0
2,1,0,8,2,1,6,2,2,2,2,0,0,0,0.666666667,0,0,0,1,1,0
17,3,1,37,45,112,10,27,11,0.770833333,230,1,1,0.835294118,0.229166667,2,3,12.35294118,5,1.1765,0
4,0,0,14,18,4,2,12,2,0.666666667,88,1,0,0,0.833333333,0,0,20.75,2,0.75,0
13,2,0,16,27,36,9,11,10,0.880952381,119,1,3,0.541666667,0.185185185,1,1,7.615384615,2,0.9231,0
3,5,0,5,4,0,2,3,3,0.5,21,1,2,0.894736842,0.5,0,0,5.333333333,1,0.6667,0
14,3,0,17,32,69,5,16,14,0.653846154,142,1,2,0.710526316,0.2,0,0,9,2,0.8571,0
10,3,0,8,46,11,1,8,3,0.80952381,334,1,1,0.714285714,0.314814815,1,1,31.7,1,0.8,0
5,1,0,16,8,6,13,3,5,0.625,31,1,1,0,0.466666667,0,0,4.8,1,0.8,0
9,3,0,13,26,34,0,13,5,0.875,95,1,1,0.829268293,0.333333333,1,2,9.333333333,2,0.8889,0
14,2,1,6,22,27,5,1,14,0.798076923,176,1,0,0.1875,0.535714286,0,0,11,5,1.2857,0
2,1,0,2,5,1,1,1,2,2,16,0,0,0,0.666666667,0,0,7,3,1.5,0
3,1,0,1,41,3,0,1,1,2,221,0,0,0,0.333333333,0,0,72.66666667,1,0.6667,0
2,3,0,3,4,1,1,3,1,2,12,0,0,0.971428571,0.666666667,1,1,4.5,1,0.5,0
2,1,0,12,18,1,2,11,1,2,74,0,0,0.8,0.666666667,1,1,36,1,0.5,0
7,1,0,4,9,7,1,3,7,0.583333333,48,1,2,0,0.392857143,0,0,5.571428571,3,1,0
5,1,0,6,13,10,3,4,4,2,54,0,0,0,0.45,0,0,9.8,2,1.6,0
9,1,0,7,24,30,1,7,5,0.71875,96,1,0,0,0.375,0,0,9.222222222,1,0.6667,0
1,1,0,8,1,0,7,1,1,2,1,0,0,0,1,0,0,0,1,1,0
3,1,0,5,6,3,2,5,3,2,18,0,0,0,0.555555556,0,0,5,1,0.6667,0
14,1,0,10,42,73,0,10,10,0.461538462,192,1,0,0,0.306122449,0,0,12.57142857,2,1.0714,0
17,1,0,21,34,136,4,17,16,2,138,0,0,0,0.196078431,0,0,7.117647059,1,0.9412,0
5,3,0,18,47,2,2,18,3,0.5,172,1,1,0.846153846,0.466666667,1,1,33,1,0.8,0
6,2,0,5,16,7,1,5,2,0.7,59,1,0,0.6,0.36,1,1,8.5,2,0.8333,0
6,1,0,16,52,9,6,10,3,0.6,297,0.5,0,0,0.35,0,0,48.16666667,7,3.5,0
3,5,0,2,6,3,1,1,3,1.5,17,1,0,1,0.777777778,0,0,4.333333333,0,0,0
4,0,0,10,17,2,1,9,3,0.666666667,71,1,2,0,0.833333333,0,0,16,1,0.5,0
3,2,0,4,7,0,1,3,2,0,27,1,0,0.928571429,0.666666667,1,1,7.666666667,1,0.3333,0
3,1,0,3,6,3,0,3,3,2,13,0,0,0,0.333333333,0,0,3.333333333,1,1,0
9,1,0,9,31,22,1,8,5,0.8125,140,1,2,0,0.285714286,0,0,13.88888889,3,1.2222,0
1,1,0,6,1,0,4,2,1,2,1,0,0,0,1,0,0,0,1,1,0
2,5,0,4,7,0,2,2,2,0,23,1,0,0.95,0.666666667,0,0,10,1,0.5,0
2,3,0,8,11,0,1,8,2,0,37,1,1,0.952380952,0.666666667,0,0,17,1,0.5,0
1,1,0,5,1,0,4,1,1,2,1,0,0,0,1,0,0,0,1,1,0
3,3,0,6,7,0,1,5,3,0,29,1,0,0.909090909,0.533333333,0,0,8.333333333,1,0.6667,0
25,1,0,32,54,296,14,29,25,0.583333333,202,1,1,0,0.14,0,0,7,1,0.96,0
5,1,0,2,7,4,0,2,4,0.5,25,1,0,0,0.6,0,0,3.8,1,0.8,0
12,1,1,13,35,34,3,12,3,0.803030303,217,1,1,0,0.261363636,0,0,16.58333333,4,1,0
7,3,0,10,22,0,2,10,2,0.733333333,88,1,3,0.814814815,0.3,1,1,10.85714286,1,0.7143,0
1,1,0,3,1,0,3,0,1,2,1,0,0,0,1,0,0,0,1,1,0
8,1,0,15,54,0,3,14,2,0.428571429,378,1,0,0,0.342857143,0,0,45.875,5,1.875,0
5,2,0,8,18,0,1,7,2,0.5,83,1,0,0.555555556,0.44,1,2,15,3,1.4,0
1,3,0,1,2,0,0,1,1,2,4,0,0,1,1,0,0,3,0,0,0
8,2,0,6,28,0,1,5,5,0.142857143,183,1,0,0.333333333,0.404761905,1,2,21.75,3,1.625,0
14,0,0,16,32,69,4,13,9,0.857142857,165,1,2,0,0.221153846,0,0,10.28571429,3,1.2143,0
17,2,0,2,18,120,1,1,17,0.9375,84,1,0,0.111111111,0.367647059,0,0,3.470588235,1,0.9412,0
7,2,2,7,10,15,2,5,4,0.333333333,44,1,0,0.814814815,0.285714286,0,0,5.142857143,3,1,0
57,1,0,14,94,1484,1,13,45,0.666666667,738,1,0,0,0.125,0,0,11.84210526,6,1.2105,0
24,1,0,23,43,270,2,23,24,0.927536232,127,1,3,0,0.180555556,0,0,4.166666667,1,0.9583,0
9,1,0,13,31,26,2,11,6,0.775,162,1,1,0,0.325,0,0,16.44444444,3,1.4444,0
7,3,0,8,23,19,0,8,7,0.5,118,1,0,0.894736842,0.342857143,0,0,15.71428571,4,1.5714,0
24,3,0,17,48,250,12,8,19,0.881987578,238,1,2,0.290322581,0.223602484,0,0,8.625,3,1.1667,0
4,2,0,11,20,0,2,9,3,0,94,1,0,0.625,0.583333333,1,2,22,3,1.25,0
6,3,0,10,42,0,1,10,5,0.6,203,1,0,0.833333333,0.4,0,0,32.33333333,1,0.6667,0
24,2,1,25,80,220,8,20,16,0.90942029,444,1,5,0.371428571,0.14229249,1,1,17,5,1.5833,0
18,5,0,16,63,59,1,16,10,0.764705882,389,1,1,0.693877551,0.209150327,1,1,20.16666667,3,0.9444,0
6,1,0,14,28,7,2,12,3,0.666666667,213,1,0,0.5,0.4,1,1,34,1,0.6667,0
7,2,0,10,15,17,2,9,4,0.666666667,61,1,0,0.684210526,0.261904762,1,1,7.428571429,1,0.8571,0
1,1,0,0,1,0,0,0,1,2,1,0,0,0,1,0,0,0,1,1,0
8,2,0,12,33,0,1,11,3,0.464285714,304,1,2,0.684210526,0.371428571,1,1,36.5,2,0.875,0
43,1,0,9,101,815,4,7,35,0.833333333,792,0.8,1,0,0.261904762,0,0,17.18604651,1,0.8372,0
3,1,0,63,3,3,62,2,3,2,3,0,0,0,0.555555556,0,0,0,1,1,0
4,2,0,3,11,0,1,2,3,0.333333333,45,1,0,0.857142857,0.625,1,1,10,1,0.75,0
8,1,0,4,20,26,0,4,7,0.714285714,83,1,1,0,0.25,0,0,9.25,2,1,0
3,3,0,18,37,1,2,18,3,0,157,1,0,0.909090909,0.583333333,0,0,50.66666667,5,2,0
10,1,0,5,29,33,0,5,5,0.777777778,235,1,1,0,0.422222222,0,0,22.2,4,1.2,0
2,0,0,3,6,1,0,3,2,2,14,0,0,0,0.666666667,0,0,6,1,0.5,0
2,5,0,2,6,0,1,1,2,1,22,1,0,0.944444444,0.666666667,0,0,9,1,0.5,0
9,4,0,12,44,0,1,12,4,0.208333333,300,1,1,0.766666667,0.270833333,1,1,32,1,0.7778,0
10,1,0,10,28,0,5,5,10,0.518518519,136,1,1,0,0.257142857,0,0,12.3,2,0.9,0
1,1,0,0,1,0,0,0,1,2,1,0,0,0,1,0,0,0,1,1,0
9,4,0,13,46,0,1,13,3,0.34375,310,1,1,0.766666667,0.232142857,1,1,33,1,0.7778,0
0,1,0,0,0,0,0,0,0,2,0,0,0,0,0,0,0,0,0,0,0
3,1,0,5,6,1,2,3,3,0,31,1,1,0,0.5,0,0,9,1,0.6667,0
1,1,0,12,1,0,11,1,1,2,1,0,0,0,1,0,0,0,1,1,0
9,1,0,3,18,30,1,2,8,0.375,79,1,0,0,0.355555556,0,0,7.666666667,1,0.7778,0
4,0,0,10,17,2,1,9,3,0.666666667,71,1,2,0,0.833333333,0,0,16,1,0.5,0
7,2,0,5,26,15,1,4,5,0.666666667,95,1,0,0.375,0.433333333,1,3,12.42857143,2,1,0
10,1,0,9,38,45,3,7,8,2,216,0,0,0,0.283333333,0,0,20.6,4,2.4,0
2,4,1,9,3,1,5,4,2,2,5,0,0,0.993506494,0.75,0,0,1.5,1,0.5,0
1,1,0,5,1,0,5,0,1,2,1,0,0,0,1,0,0,0,1,1,0
5,2,0,6,9,6,5,1,3,0.9,75,0.2,5,0.8,0.416666667,1,1,13,1,0.6,0
11,3,2,8,30,37,2,6,4,0.666666667,127,1,0,0.7,0.3,1,1,10.27272727,1,0.8182,0
4,1,0,6,4,6,4,2,4,2,4,0,0,0,0.55,0,0,0,1,1,0
13,2,0,18,42,26,1,18,9,0.738095238,183,1,2,0.333333333,0.230769231,0,0,12.53846154,5,1.3077,0
4,3,0,11,24,0,1,11,3,0.333333333,126,1,1,0.909090909,0.583333333,0,0,30,4,1.25,0
3,1,0,3,21,1,1,2,1,0.5,88,1,0,0,0.5,0,0,28,5,1.6667,0
4,1,0,0,8,6,0,0,3,2,19,0,0,0,0.5,0,0,3.75,1,0.75,0
5,1,0,0,7,0,0,0,5,0.5,32,1,0,0,0.466666667,0,0,5,1,0.8,0
4,3,3,10,8,6,10,0,4,2,20,0,0,1,0.666666667,0,0,4,0,0,0
6,3,0,7,17,0,1,7,3,0.5,62,1,1,0.814814815,0.458333333,1,1,9,1,0.8333,0
5,3,0,13,20,8,1,12,2,0.5,66,1,0,0.931034483,0.472222222,0,0,12,1,0.4,0
3,1,0,4,5,3,0,4,3,2,18,0,0,0,0.833333333,0,0,5,1,0.6667,0
15,1,0,5,32,33,3,2,14,0.595238095,210,1,0,0,0.226190476,0,0,12.6,3,1.1333,0
2,1,0,3,3,1,3,1,2,2,7,0,0,0,0.666666667,0,0,2.5,1,0.5,0
4,1,0,16,7,4,11,5,4,0.333333333,22,1,0,0,0.5,0,0,4.25,1,0.75,0
34,2,0,19,47,525,5,17,33,0.963636364,261,0.933333333,2,0.418181818,0.161616162,1,2,6.235294118,2,0.9706,0
6,1,0,4,9,9,0,4,5,0.2,41,1,0,0,0.416666667,0,0,5.666666667,2,1,0
4,2,0,7,8,6,2,6,4,2,27,0,0,0.926829268,0.4375,1,1,5.75,1,0.75,0
2,2,0,7,9,1,0,7,2,2,48,0,0,0.666666667,0.6,1,1,23,4,2,0
3,4,0,8,15,3,0,8,1,2,52,0,0,0.948717949,0.666666667,2,2,16.33333333,1,0.6667,0
4,3,0,5,8,4,0,5,3,0.666666667,29,1,0,0.944444444,0.4,1,1,6,1,0.5,0
6,1,0,2,15,15,0,2,5,2,44,0,0,0,0.333333333,0,0,6.333333333,1,0.8333,0
0,1,0,0,0,0,0,0,0,2,0,0,0,0,0,0,0,0,0,0,0
37,2,1,34,97,562,2,32,32,0.918209877,628,1,3,0.054054054,0.108974359,0,0,15.48648649,5,1.2432,0
6,1,0,7,7,15,2,5,6,2,14,0,0,0,0.333333333,0,0,1.333333333,1,0.8333,0
8,1,0,2,28,0,1,1,8,0.142857143,146,1,0,0,0.4,0,0,17,4,1.5,0
15,1,0,11,47,37,1,10,11,0.980952381,465,0.133333333,0,0,0.193333333,0,0,29,3,1.1333,0
30,1,0,13,73,347,1,12,27,0.668965517,380,1,2,0,0.114285714,0,0,11.5,3,1.0333,0
15,2,0,20,30,97,5,19,13,0.785714286,120,1,1,0.638888889,0.192592593,0,0,6.866666667,2,1,0
1,1,0,4,1,0,3,1,1,2,1,0,0,0,1,0,0,0,1,1,0
21,2,1,15,52,142,1,14,12,0.828571429,292,1,1,0.333333333,0.2,1,2,12.57142857,3,1,0
0,1,0,0,0,0,0,0,0,2,0,0,0,0,0,0,0,0,0,0,0
13,0,1,14,52,60,2,13,3,0.833333333,341,1,2,0,0.240384615,0,0,24.76923077,5,1.2308,0
3,5,1,5,10,0,3,2,3,0.75,33,1,1,0.944444444,0.583333333,0,0,9.333333333,1,0.3333,0
7,2,0,7,26,0,1,6,5,0.166666667,152,1,1,0.684210526,0.357142857,1,1,20.42857143,4,1.2857,0
6,2,2,6,12,0,2,4,4,0,38,1,0,0.722222222,0.666666667,1,1,5.166666667,1,0.8333,0
3,1,0,4,5,3,1,4,3,2,20,0,0,0,0.833333333,0,0,5.666666667,1,0.6667,0
2,1,0,4,2,1,4,0,2,2,2,0,0,0,1,0,0,0,1,1,0
1,1,0,7,1,0,5,2,1,2,1,0,0,0,1,0,0,0,1,1,0
2,1,0,0,2,1,0,0,2,2,2,0,0,0,1,0,0,0,1,1,0
1,1,0,5,1,0,3,2,1,2,1,0,0,0,1,0,0,0,1,1,0
8,2,0,14,17,0,8,7,6,0.571428571,69,1,1,0.65,0.3,1,1,7.375,2,1,0
1,1,0,4,1,0,2,3,1,2,1,0,0,0,1,0,0,0,1,1,0
2,3,0,4,4,1,0,4,1,2,9,0,0,0.916666667,0.75,1,1,3.5,1,0.5,0
1,1,0,9,1,0,4,5,1,2,1,0,0,0,1,0,0,0,1,1,0
1,1,0,0,1,0,0,0,1,2,1,0,0,0,1,0,0,0,1,1,0
3,1,0,16,7,3,11,5,3,2,47,0,0,0,0.416666667,0,0,14.66666667,5,2.3333,0
2,3,0,3,5,1,1,3,1,2,17,0,0,0.971428571,0.666666667,1,2,7.5,1,0.5,0
4,3,0,6,14,0,4,2,4,0,52,1,0,0.875,0.4375,0,0,11.75,2,1,0
49,1,0,14,109,1164,9,5,48,0.925,711,0.6,0,0,0.109068627,0,0,13.40816327,2,1,0
3,4,1,9,15,3,1,8,1,2,52,0,0,0.948717949,0.666666667,2,2,16.33333333,1,0.6667,0
23,3,0,18,60,191,4,16,18,0.850649351,312,1,1,0.807692308,0.202020202,1,5,12.26086957,2,0.913,0
6,2,0,6,13,3,1,5,6,0.2,58,1,0,0.333333333,0.5,0,0,8.5,2,0.8333,0
3,2,0,1,5,3,0,1,3,2,12,0,0,0.956521739,0.666666667,1,2,3,1,0.3333,0
6,1,0,11,39,9,1,10,3,0.4,189,1,0,0.428571429,0.333333333,0,0,30.33333333,5,1.3333,0
1,1,0,5,1,0,4,1,1,2,1,0,0,0,1,0,0,0,1,1,0
0,1,0,1,0,0,1,0,0,2,0,0,0,0,0,0,0,0,0,0,0
5,3,4,11,11,10,4,7,1,2,33,0,0,0.964285714,0.44,0,0,5.6,1,0.2,0
4,1,0,1,12,0,1,0,4,0.333333333,52,1,0,0,0.5,0,0,11.5,1,0.75,0
1,2,0,1,2,0,0,1,1,2,7,1,0,1,1,0,0,3,0,0,0
8,2,6,12,16,22,6,6,3,0.571428571,55,1,0,0.851851852,0.333333333,0,0,5.75,2,0.625,0
3,2,0,1,5,3,0,1,3,2,12,0,0,0.956521739,0.666666667,1,2,3,1,0.3333,0
2,3,0,4,4,1,0,4,1,2,9,0,0,0.916666667,0.75,1,1,3.5,1,0.5,0
8,2,0,8,15,4,2,8,7,0.619047619,79,1,0,0.793103448,0.325,0,0,8.5,2,0.875,0
5,4,0,6,12,10,1,5,5,2,28,0,0,0.974522293,0.6,1,1,4.6,1,0.8,0
5,3,0,4,10,10,1,4,3,2,31,0,0,0.846153846,0.466666667,1,1,5.2,1,0.8,0
8,2,0,6,19,18,1,5,6,0.935064935,166,0.090909091,8,0.666666667,0.314285714,1,1,18.375,1,0.75,0
23,1,0,11,40,161,10,1,22,0.829545455,249,1,0,0,0.286956522,0,0,9.47826087,3,1.087,0
49,1,0,9,86,576,1,8,37,0.868589744,758,0.769230769,0,0,0.143939394,0,0,14.20408163,7,1.7143,0
2,1,0,6,6,0,1,5,2,0,22,1,0,0,0.6,0,0,9.5,1,0.5,0
17,0,0,25,46,102,4,23,9,0.890625,229,0.5,4,0,0.173611111,0,0,12,3,1.2353,0
23,1,0,24,41,247,11,23,23,0.893939394,127,1,3,0,0.178743961,0,0,4.391304348,1,0.9565,0
11,1,0,4,20,43,1,3,10,0.1,124,1,1,0,0.363636364,0,0,10.18181818,3,1.2727,0
3,3,0,7,15,3,0,7,1,2,45,0,0,0.944444444,0.555555556,1,3,14,1,0.6667,0
28,1,0,8,44,300,3,7,27,0.910493827,248,1,0,0,0.136363636,0,0,7.428571429,4,1.1429,0
3,5,0,4,8,0,1,3,3,0.5,32,1,2,0.894736842,0.555555556,0,0,9,1,0.6667,0
3,3,0,4,8,0,1,4,1,0,26,1,1,0.916666667,0.555555556,1,1,7.333333333,1,0.6667,0
1,4,3,4,2,0,4,0,1,2,7,1,0,1,1,0,0,5,0,0,0
13,2,1,15,25,28,3,13,11,0.611111111,120,1,1,0.696969697,0.241758242,0,0,8,1,0.7692,0
12,3,10,19,24,30,12,8,10,0.5,114,1,1,0.949367089,0.226190476,1,3,8.333333333,2,0.8333,0
2,3,0,4,8,1,0,4,1,2,18,0,0,0.971428571,0.666666667,1,2,8,1,0.5,0
3,3,0,10,25,0,1,10,2,0,136,1,0,0.945945946,0.5,1,1,44,2,1,0
1,1,0,0,2,0,0,0,1,2,4,0,0,0,1,0,0,3,0,0,0
11,0,0,6,22,41,0,6,11,0.833333333,99,1,2,0,0.393939394,0,0,7.727272727,5,1.2727,0
18,1,0,13,33,131,9,6,16,0.882352941,144,1,1,0,0.235294118,0,0,6.666666667,2,1.1111,0
1,1,0,7,1,0,5,2,1,2,1,0,0,0,1,0,0,0,1,1,0
1,1,0,3,1,0,2,1,1,2,1,0,0,0,1,0,0,0,1,1,0
4,1,0,7,8,6,0,7,3,2,22,0,0,0,0.375,0,0,4.5,1,0.75,0
8,4,0,4,15,6,1,3,8,0.5,89,1,1,0.962264151,0.34375,1,1,9.875,3,1.25,0
4,3,0,1,5,4,0,1,3,0.666666667,16,1,1,0.962264151,0.666666667,1,1,2.75,1,0.5,0
4,1,0,6,4,6,5,2,4,1.333333333,5,0,0,0,0.5625,0,0,0,1,1,0
1,1,0,0,1,0,0,0,1,2,1,0,0,0,1,0,0,0,1,1,0
15,3,0,14,46,93,1,14,8,0.821428571,217,1,0,0.739130435,0.261904762,2,3,13.2,2,0.8667,0
1,1,0,5,1,0,5,0,1,2,1,0,0,0,1,0,0,0,1,1,0
4,3,0,9,12,0,5,4,4,0,41,1,1,0.875,0.4375,0,0,9,1,0.75,0
2,3,0,7,5,0,2,7,2,0.666666667,27,0.666666667,0,0.952380952,0.6,0,0,11,1,0.5,0
3,1,0,3,9,0,1,2,3,0,31,1,0,0,0.5,0,0,9,1,0.6667,0
0,1,0,43,0,0,42,1,0,2,0,0,0,0,0,0,0,0,0,0,0
11,2,0,12,34,21,3,11,4,0.8625,180,1,1,0.590909091,0.2,1,1,14.63636364,3,1.0909,0
3,1,9,9,4,1,9,0,3,0.5,14,1,0,0,0.666666667,0,0,3.333333333,1,0.6667,0
8,2,0,10,27,14,2,10,4,0.714285714,120,1,0,0.793103448,0.291666667,0,0,13.625,1,0.75,0
2,1,0,5,6,0,0,5,2,0,30,1,2,0,0.625,0,0,13,1,0.5,0
8,3,0,16,56,14,1,16,4,0.928571429,297,0.25,0,0.769230769,0.371428571,0,0,35.625,6,2.25,0
8,3,0,12,29,0,1,12,5,0.642857143,107,1,1,0.769230769,0.314285714,1,1,11.875,2,0.875,0
1,1,0,5,1,0,4,2,1,2,1,0,0,0,1,0,0,0,1,1,0
3,1,0,4,6,0,2,2,2,0.5,33,1,1,0,0.666666667,0,0,9,2,1,0
22,1,0,21,40,225,11,20,22,0.936507937,114,1,3,0,0.181818182,0,0,4.045454545,1,0.9545,0
6,3,0,12,23,7,2,11,4,0.666666667,90,1,1,0.965517241,0.44,0,0,13.5,1,0.5,0
48,2,1,27,122,972,11,25,37,0.91607565,855,1,1,0.220338983,0.098784195,1,1,16.4375,4,1.3958,0
5,1,0,8,11,8,3,5,5,0.25,39,1,0,0,0.7,0,0,6.6,1,0.8,0
1,1,0,1,1,0,1,0,1,2,1,0,0,0,1,0,0,0,1,1,0
6,3,0,6,15,13,1,6,4,0.4,54,1,1,0.782608696,0.444444444,1,1,7.833333333,1,0.8333,0
10,1,0,0,22,45,0,0,9,2,66,0,0,0,0.25,0,0,5.6,2,1,0
21,4,0,19,52,160,5,19,13,0.8625,287,1,4,0.641509434,0.166666667,1,2,12.28571429,5,1.6667,0
1,1,0,11,1,0,10,2,1,2,1,0,0,0,1,0,0,0,1,1,0
9,4,0,14,40,22,3,12,8,0.708333333,244,1,1,0.950310559,0.259259259,1,2,25.77777778,11,2.2222,0
2,1,0,4,5,0,1,3,2,0,17,1,0,0,0.666666667,0,0,7,1,0.5,0
28,2,0,25,74,362,3,24,24,0.91005291,323,0.857142857,1,0.479166667,0.148148148,1,2,10.28571429,2,1,0
5,1,0,16,7,4,14,2,5,0.25,30,1,0,0,0.7,0,0,4.8,1,0.8,0
6,1,0,4,12,15,0,4,5,2,29,0,0,0,0.25,0,0,3.833333333,1,0.8333,0
1,1,0,6,1,0,5,1,1,2,1,0,0,0,1,0,0,0,1,1,0
23,1,0,22,40,247,11,21,23,0.924242424,118,1,3,0,0.178743961,0,0,4,1,0.9565,0
8,2,27,32,16,0,27,5,6,0.285714286,47,1,1,0.65,0.34375,1,1,4.75,1,0.875,0
7,3,1,9,13,0,4,5,5,0.166666667,41,1,1,0.807692308,0.476190476,1,1,4.714285714,1,0.7143,0
16,5,0,11,30,94,2,9,13,0.833333333,146,1,1,0.755555556,0.291666667,1,1,7.875,2,0.75,0
6,1,0,7,8,11,1,6,6,0.8,28,1,1,0,0.416666667,0,0,3.333333333,1,0.8333,0
7,2,0,6,21,9,1,5,4,0.75,83,1,2,0.923076923,0.333333333,0,0,10.28571429,2,0.8571,0
12,1,0,28,61,0,2,27,11,0.454545455,392,1,2,0,0.25,0,0,31.25,9,1.9167,0
7,1,0,9,12,21,3,6,7,2,35,0,0,0,0.476190476,0,0,4,1,0.8571,0
1,1,0,5,1,0,5,0,1,2,1,0,0,0,1,0,0,0,1,1,0
2,1,0,4,12,1,1,3,2,2,52,0,0,0,0.666666667,0,0,25,3,1.5,0
2,1,0,4,4,1,0,4,2,2,10,0,0,0,0.666666667,0,0,4,1,0.5,0
2,1,0,5,11,0,1,4,2,0,39,1,1,0,0.666666667,0,0,18,1,0.5,0
15,1,0,1,18,95,1,0,12,0.285714286,106,1,0,0,0.377777778,0,0,5.933333333,1,0.9333,0
9,3,0,9,43,4,1,9,2,0.803571429,218,1,1,0.75862069,0.325,2,2,22.44444444,1,0.7778,0
4,2,0,7,17,0,1,6,4,0.5,78,1,1,0.5,0.4,0,0,18,2,1,0
6,3,0,8,37,3,1,8,4,0.666666667,150,1,1,0.814814815,0.305555556,1,1,23.5,1,0.8333,0
4,3,0,3,22,0,1,3,2,0.333333333,86,1,0,0.918918919,0.4375,2,3,20.25,3,1.25,0
4,3,0,4,7,0,1,4,3,0.333333333,28,1,0,0.918918919,0.4375,1,1,5.75,1,0.75,0
4,1,0,1,6,6,1,0,3,2,87,0,0,0,0.416666667,0,0,20.75,2,1,0
4,2,0,11,7,0,7,6,4,0,34,1,1,0.95,0.541666667,0,0,7.25,1,0.5,0
1,1,0,0,1,0,0,0,1,2,1,0,0,0,1,0,0,0,1,1,0
12,3,0,13,26,44,3,10,8,0.727272727,121,1,2,0.666666667,0.233766234,1,1,8.75,2,0.8333,0
3,2,0,1,5,3,0,1,3,2,12,0,0,0.956521739,0.666666667,1,2,3,1,0.3333,0
2,1,0,6,8,1,0,6,2,2,23,0,0,0,0.75,0,0,10.5,1,0.5,0
5,3,0,9,9,4,2,9,2,0.75,36,1,1,0.869565217,0.3,0,0,5.6,1,0.6,0
6,3,0,7,34,15,1,7,2,2,137,0,0,0.8,0.416666667,0,0,21.83333333,2,1,0
18,1,0,16,45,85,3,15,13,0.838235294,258,1,3,0,0.165775401,0,0,12.88888889,5,1.4444,0
8,5,0,12,11,24,1,12,8,0.785714286,47,1,1,0.87037037,0.25,1,1,4.625,1,0.875,0
2,5,0,4,8,0,1,4,2,0,22,1,1,0.95,0.666666667,0,0,9.5,1,0.5,0
2,3,0,3,4,1,1,3,1,2,12,0,0,0.971428571,0.666666667,1,1,5,1,0.5,0
4,1,0,0,14,6,0,0,1,2,79,0,0,0,0.375,0,0,18.75,5,2,0
10,4,0,11,25,45,3,11,8,1,101,1,0,0.844444444,0.314814815,0,0,9,1,0.7,0
4,1,0,7,17,6,1,6,4,2,39,0,0,0,0.625,0,0,8.75,1,0.75,0
3,3,0,5,7,0,1,4,1,0,24,1,1,0.916666667,0.5,1,1,6.666666667,1,0.6667,0
14,3,0,7,25,59,1,6,12,0.815384615,131,1,1,0.5,0.338461538,1,2,8,4,1,0
9,4,0,11,58,0,1,11,1,0.708333333,377,0.833333333,1,0.829268293,0.291666667,2,4,40.22222222,1,0.7778,0
2,0,0,4,6,1,0,4,2,2,18,0,0,0,1,0,0,8,1,0.5,0
3,3,0,18,25,1,1,18,2,0.857142857,136,1,2,0.952380952,0.666666667,0,0,42,1,0.3333,0
1,1,0,43,1,0,43,0,1,2,1,0,0,0,1,0,0,0,1,1,0
2,1,0,12,7,1,8,4,1,2,23,0,0,0,0.5,0,0,10.5,1,0.5,0
12,2,4,12,30,34,5,7,8,0.636363636,172,1,1,0.181818182,0.25,0,0,13.16666667,3,1.1667,0
16,3,0,9,25,96,3,7,16,0.666666667,119,1,1,0.920245399,0.359375,1,2,6.25,3,1,0
5,4,0,8,12,10,3,5,5,2,28,0,0,0.974522293,0.6,1,1,4.6,1,0.8,0
9,2,0,7,17,24,0,7,9,0.6875,78,1,1,0.2,0.407407407,0,0,7.444444444,1,0.8889,0
9,2,0,59,23,32,58,2,7,0.975,242,0.2,9,0.631578947,0.375,1,1,24.77777778,4,1.8889,0
5,3,0,4,10,8,1,4,4,0.5,36,1,0,0.918918919,0.36,1,2,6,1,0.6,0
14,1,0,12,35,89,1,12,13,0.076923077,134,1,2,0,0.205357143,0,0,8.428571429,4,1.1429,0
4,1,6,8,12,6,6,2,3,2,37,0,0,0,0.5625,0,0,8.25,2,1,0
3,2,0,1,5,3,0,1,3,2,12,0,0,0.956521739,0.666666667,1,2,3,1,0.3333,0
6,4,0,4,23,5,0,4,1,0.5,102,1,0,0.9,0.6,2,2,15.66666667,2,0.8333,0
15,2,0,20,21,89,6,18,15,0.944444444,123,1,0,0.621621622,0.138095238,1,1,6.6,1,0.9333,0
2,0,0,4,6,1,0,4,2,2,18,0,0,0,1,0,0,8,1,0.5,0
5,1,0,4,10,10,0,4,5,2,28,0,0,0,0.36,0,0,4.6,1,0.8,0
3,1,0,0,6,3,0,0,3,2,12,0,0,0,0.833333333,0,0,3,1,0.6667,0
2,5,0,2,6,0,1,1,2,1,21,1,0,0.944444444,0.75,0,0,8.5,1,0.5,0
5,2,0,14,9,0,9,6,5,0,41,1,0,0.926829268,0.44,1,1,7,1,0.6,0
1,1,0,0,1,0,0,0,1,2,1,0,0,0,1,0,0,0,1,1,0
7,3,0,8,13,19,2,7,5,0.5,59,1,0,0.871794872,0.464285714,1,1,7.285714286,2,0.8571,0
6,4,0,5,10,15,1,5,5,1,43,1,0,0.949152542,0.444444444,0,0,6,1,0.5,0
18,1,0,1,34,149,1,0,18,0.558823529,114,1,0,0,0.183333333,0,0,5.222222222,2,1.0556,0
0,1,0,0,0,0,0,0,0,2,0,0,0,0,0,0,0,0,0,0,0
3,3,0,8,12,3,0,8,2,2,39,0,0,0.944444444,0.666666667,1,1,12,1,0.6667,0
4,1,2,6,24,6,2,4,1,2,96,0,0,0,0.45,0,0,23,3,1.5,0
3,1,0,3,16,1,1,2,1,0.5,60,1,0,0,0.5,0,0,18.66666667,3,1,0
14,1,0,25,62,85,4,21,11,1.048076923,461,0.125,0,0,0.192307692,0,0,31.35714286,6,1.9286,0
7,3,0,10,14,1,6,5,5,0.333333333,45,1,1,0.785714286,0.428571429,1,1,5.285714286,1,0.8571,0
13,1,0,4,23,0,1,3,13,0,70,1,1,0,0.326923077,0,0,4.307692308,1,0.9231,0
5,1,0,2,10,8,0,2,5,0.5,57,1,0,0,0.3,0,0,10.2,2,1,0
6,1,4,5,7,9,5,0,5,0.6,23,1,0,0,0.5,0,0,2.666666667,1,0.6667,0
18,1,0,5,49,87,1,4,13,0.694117647,317,1,0,0,0.317647059,0,0,16.33333333,5,1.2778,0
3,1,0,9,3,3,7,2,3,2,3,0,0,0,1,0,0,0,1,1,0
9,3,0,3,15,6,0,3,8,0.4375,82,1,2,0.647058824,0.416666667,1,2,7.888888889,3,0.8889,0
11,3,0,8,22,27,2,6,7,0.633333333,98,1,0,0.771428571,0.283333333,1,4,7.636363636,3,1.0909,0
16,1,1,7,30,112,2,5,12,0.8,151,1,2,0,0.266666667,0,0,8.1875,4,1.3125,0
4,6,0,3,9,0,1,2,4,0.666666667,45,1,1,0.85,0.4375,0,0,9.5,1,0.75,0
5,3,0,10,24,0,2,10,1,0.5,119,1,2,0.88,0.4375,1,1,22.2,3,1,0
2,4,0,20,32,0,1,20,1,0.333333333,202,1,2,0.971428571,0.666666667,1,1,97,1,0.5,0
18,3,0,8,43,63,1,8,14,0.411764706,260,1,0,0.68627451,0.277777778,2,7,13.38888889,4,1.3333,0
1,1,0,21,1,0,21,0,1,2,1,0,0,0,1,0,0,0,1,1,0
4,1,0,3,28,0,1,2,4,0.333333333,152,1,0,0,0.416666667,0,0,35.25,2,1.25,0
1,1,0,0,2,0,0,0,1,2,4,0,0,0,1,0,0,3,0,0,0
33,2,2,30,62,436,13,23,31,0.78125,327,1,3,0.442307692,0.123376623,1,1,8.696969697,3,1,0
3,1,0,12,3,3,11,1,3,2,3,0,0,0,0.833333333,0,0,0,1,1,0
4,3,2,7,14,6,2,5,0,2,61,0,0,0.869565217,0.4375,0,0,14.25,5,1.75,0
9,3,1,11,23,8,5,8,7,0.458333333,127,1,1,0.928571429,0.375,0,0,12.77777778,2,0.6667,0
61,3,1,26,137,1808,6,24,55,0.773809524,615,1,3,0.373626374,0.089166667,2,4,8.967213115,5,1.0492,0
0,1,0,1,0,0,1,0,0,2,0,0,0,0,0,0,0,0,0,0,0
19,3,0,16,26,157,4,15,18,0.944444444,111,1,0,0.642857143,0.215277778,1,1,4.526315789,1,0.7895,0
5,2,0,7,13,0,2,5,4,0,65,1,1,0.692307692,0.45,1,1,11.8,1,0.8,0
11,1,0,13,24,39,5,12,11,0.8,101,1,4,0,0.272727273,0,0,7.818181818,1,0.9091,0
3,1,0,4,5,3,0,4,3,2,18,0,0,0,0.833333333,0,0,5,1,0.6667,0
0,1,0,2,0,0,1,1,0,2,0,0,0,0,0,0,0,0,0,0,0
1,1,0,0,1,0,0,0,1,2,1,0,0,0,1,0,0,0,1,1,0
41,1,0,6,54,516,5,1,41,0.875,507,0,0,0,0.297560976,0,0,10.95121951,1,0.9268,0
8,5,1,10,24,0,1,9,7,0.666666667,198,1,0,0.85,0.3125,0,0,23,4,1.125,0
5,2,0,9,11,4,2,8,5,0.5,53,1,0,0.884615385,0.342857143,0,0,9.2,1,0.6,0
4,1,0,3,5,4,1,2,3,0.666666667,17,1,1,0,0.5,0,0,3,1,0.5,0
5,1,0,4,11,0,2,2,5,0,43,1,1,0,0.6,0,0,7.4,1,0.8,0
3,2,0,8,16,3,1,7,2,2,44,0,0,0.875,0.75,0,0,13.66666667,1,0.3333,0
4,1,0,3,23,6,0,3,2,2,93,0,0,0.8,1,1,2,22.25,1,0.75,0
2,2,0,6,3,0,2,4,2,0,14,1,0,0.974358974,0.625,0,0,5.5,1,0.5,0
7,1,0,3,12,9,1,2,7,0,59,1,1,0,0.5,0,0,7.285714286,1,0.8571,0
3,3,0,6,8,3,1,6,2,2,22,0,0,0.970588235,0.666666667,1,1,6.333333333,1,0.3333,0
4,0,0,3,5,4,1,3,4,0.666666667,22,1,1,0,0.5,0,0,4.25,1,0.75,0
4,1,0,50,4,6,46,5,4,2,4,0,0,0,0.5,0,0,0,1,1,0
1,1,0,8,1,0,7,1,1,2,1,0,0,0,1,0,0,0,1,1,0
10,1,0,7,18,43,3,4,10,0.111111111,63,1,1,0,0.32,0,0,5.2,1,0.9,0
12,1,3,8,25,46,6,7,8,0.454545455,102,0,1,0,0.226190476,0,0,7.416666667,2,1.1667,0
3,0,0,5,18,3,2,3,3,2,65,0,0,0,0.416666667,0,0,20.66666667,4,1.6667,0
18,2,0,13,37,125,3,13,17,0.870588235,162,1,0,0.58974359,0.179012346,1,1,7.722222222,3,1.0556,0
5,0,1,8,20,0,2,6,3,0,73,1,0,0,0.5,0,0,13.4,1,0.8,0
5,3,0,7,16,4,1,7,3,0.75,61,1,0,0.918918919,0.4375,1,1,10.8,1,0.6,0
21,4,0,19,86,156,3,18,15,0.84375,407,1,1,0.677419355,0.210884354,2,3,18,3,1.0476,0
15,2,0,10,32,81,1,9,15,0.535714286,119,1,1,0.176470588,0.177777778,0,0,6.8,1,0.9333,0
15,3,0,5,22,71,1,5,13,0.785714286,113,1,0,0.729166667,0.35,2,6,6.333333333,2,0.9333,0
2,1,0,2,3,1,1,1,1,2,7,0,0,0.857142857,0.75,0,0,2.5,1,0.5,0
1,1,0,3,1,0,2,1,1,2,1,0,0,0,1,0,0,0,1,1,0
6,1,0,6,7,9,1,5,6,0.6,25,0,0,0,0.375,0,0,3,1,0.8333,0
2,6,0,4,10,0,0,4,2,0,27,1,0,0.947368421,0.666666667,0,0,12,1,0.5,0
1,1,0,0,1,0,0,0,1,2,1,0,0,0,1,0,0,0,1,1,0
2,4,0,5,6,0,5,0,2,0,20,1,0,0.944444444,0.75,0,0,8.5,1,0.5,0
2,6,0,2,7,0,1,1,2,0,25,1,0,0.944444444,0.666666667,0,0,11,1,0.5,0
13,3,0,34,77,46,3,33,2,0.777777778,672,1,0,0.772727273,0.305555556,2,2,50.46153846,5,2.1538,0
7,1,0,5,9,21,0,5,6,2,44,0,0,0,0.857142857,0,0,5.285714286,1,0.8571,0
2,5,0,2,6,0,1,1,2,1,21,1,0,0.944444444,0.75,0,0,8.5,1,0.5,0
6,6,0,3,16,7,1,2,5,0.8,80,1,0,0.791666667,0.416666667,0,0,11.66666667,3,1.1667,0
4,1,0,4,13,4,1,3,2,0.333333333,39,1,0,0,0.5,0,0,8.5,1,0.5,0
4,1,0,2,5,0,1,2,4,0.666666667,28,1,2,0,0.4375,0,0,5.25,1,0.75,0
3,5,0,1,9,0,0,1,3,0.5,33,1,0,0.894736842,0.555555556,0,0,9.333333333,1,0.6667,0
14,2,0,9,18,91,4,6,11,2,71,0,0,0.76,0.339285714,1,3,4.071428571,1,0.8571,0
3,5,0,4,8,0,2,2,3,0.5,32,1,1,0.894736842,0.555555556,0,0,9,1,0.6667,0
9,1,0,3,20,12,2,1,7,0.625,100,1,0,0,0.541666667,0,0,9.777777778,4,1.2222,0
